temp,rh,so2,no2,co,pm10,pm2.5,o3,day,dow,death_total
2.9,63,17.1969697,27.51515152,0.47285,86.2746444,53.6038961,51.62995895,1,3,408
2.7,70,16.2962963,31.23229847,0.458355556,67.83333333,30.01587302,49.6125,2,4,392
-0.4,71,20.08333333,37.38636364,0.426822727,72.94897959,49.22077922,48.6125,3,5,385
1,73,15.90656566,46.24469697,0.459845455,64.56456401,38.35064935,43.08756552,4,6,370
2,75,13.4537037,37.17592593,0.36175,55.22619048,32.30952381,38.025,5,7,359
2.4,62,14.99563492,44.41687552,0.459957143,58.56301854,40.41632653,58.85416667,6,1,352
2.9,69,12.43506494,36.8262987,0.422236364,57.43493003,44.51846591,38.9,7,2,358
4.5,62,13.67002666,24.57513736,0.33978,53.40963522,41.13031914,50.77278846,8,3,414
4.3,64,14.63333333,37.24166667,0.289479167,46.2080314,28.70833333,51.325,9,4,380
2.2,63,17.73333333,53.14285714,0.401728571,61.23901742,51.51587302,59.05,10,5,384
4,72,16.48571429,40.76190476,0.444595238,86.96031746,76.71428571,67.2125,11,6,401
4.9,76,22.0875,30.75,0.43260625,61.82513598,63.1875,62.55,12,7,374
6.5,85,19.59,55.91,0.42283,66.48070175,39.65,51.74093251,13,1,394
5.3,77,45.9697076,88.16593567,0.620450585,142.5719542,109.3158869,44.775,14,2,405
5.3,80,62.33333333,113.9431818,1.017119048,235.0617453,205.1839827,40.68876292,15,3,358
4,73,24.35893246,48.94008715,0.604716667,100.2973545,102.1385281,44.3625,16,4,356
2.2,58,18.66666667,42.46052632,0.499347368,75.68079732,57.3049812,47.875,17,5,381
1.3,59,17.42301587,28.68541667,0.508728571,53.86471861,55.57823129,63.3875,18,6,402
4.2,71,24.56140351,33.75077399,0.387547368,57.77276525,36.29323308,70.4,19,7,333
10.7,79,17.87683824,36.4826546,0.394182353,50.2809874,26.39548319,24.1,20,1,389
8.2,86,17.46067821,44.35809175,0.345777273,40.85992579,22.28571429,10.4,21,2,393
4.5,77,29.22103175,76.65327381,0.675971429,77.63317222,72.25170068,34.5,22,3,368
4.2,71,70.58888889,104.6,1.188833333,233.9766028,177.9904762,44,23,4,353
2.3,82,57.5165692,102.8216374,1.094215789,263.1052632,144.2556391,28.4,24,5,342
3.7,55,50.62460317,57.54472456,0.595714762,193.6707483,77.19863946,53.2,25,6,347
3.9,75,48.21514161,61.66137566,0.619327778,83.25746965,51.14285714,59.1,26,7,380
4.5,65,65.66666667,79.71687552,0.779468421,123.3261555,82.90977444,61.6,27,1,331
6.3,61,69.99455338,108.6811966,0.842466667,172.2889823,123.0816993,81.9,28,2,391
9.7,62,37.28470876,85.83150836,0.618129412,135.3681723,98.74439776,53,29,3,384
8.9,72,24.65661703,57.22096909,0.663150585,81.18809524,63.88512759,107.7,30,4,374
14.1,69,20.13721062,51.81083143,0.62656087,90.12670807,65.48007246,80.2,31,5,336
12.3,86,19.15178571,43.33928571,0.7578125,61.9830378,54.39895833,14.2,32,6,423
6.5,75,43.80501253,55.10980392,0.75521,220.9035714,71.69375,66.7,33,7,335
10.1,73,46.95701917,81.89350649,1.073722727,288.8658009,105.7077922,74,34,1,316
8.8,82,42.66841737,70.10504202,0.589582353,163.4929972,71.40441176,45,35,2,368
6.7,88,47.08464912,50.72420255,0.525185,88.27599681,54.27792208,36.8,36,3,311
4.4,77,59.61857143,63.68792717,0.599828571,99.04761905,67.97619048,40.3,37,4,325
2.1,75,53.57342657,84.59149184,0.905554545,133.9455267,102.9675325,63.33333333,38,5,325
-0.9,70,85.09761905,105.5532213,1.286847619,248,214.4557823,60.55555556,39,6,330
1.2,62,95.38253968,121.9997432,1.481425714,280.8940243,254.1238095,67.88888889,40,7,342
2.3,74,50.375,105.5553922,0.95461,171.3574074,155.2571429,83.55555556,41,1,379
5.2,69,34.93217893,102.9213564,0.893422727,146.395202,122.9090909,94.66666667,42,2,405
4.5,74,32.53703704,132.2314815,1.342972222,286.8623377,245.1269841,63.88888889,43,3,366
5.6,59,67.05952381,129.9285714,1.844333333,501.5079365,460.5034014,102.5555556,44,4,395
6.7,88,33.14912281,78.12962963,0.914225,158.5633333,158.2928571,57.66666667,45,5,364
6.2,76,26.38928571,68.82142857,0.657483333,143.5181818,124.9591837,93,46,6,363
5.8,70,47.50079365,75.07142857,1.102785714,217.0025253,177.5238095,107.6666667,47,7,364
9.9,77,54.1700919,62.36507937,0.748645,111.1499345,79.37152778,40,48,1,352
6.3,88,68.7707483,69.11363636,0.930218182,145.6974026,110.0471591,74.55555556,49,2,393
2.8,74,49.01428571,76.82062299,0.78127619,138.1088435,96.0952381,75.25,50,3,360
4.7,59,48.08496241,71.08421053,0.957676579,155.0018908,125.1957237,108.2222222,51,4,371
7,60,26.35421888,62.08270677,0.537963158,72.97410192,51.55921053,110.1111111,52,5,328
8.2,72,33.81281762,48.50197628,0.582017391,104.2498667,90.08695652,63.33333333,53,6,360
7.9,74,18.47340754,39.38311688,0.360809091,43.891163,23.76818182,99.55555556,54,7,338
9.6,65,15.12531328,32.47284879,0.439731579,14.28238304,13.26260965,107.1111111,55,1,311
11.5,85,23.39285714,31.91096939,0.47904375,60.53275641,45.4375,68.66666667,56,2,366
11.3,89,43.43137255,52.65959384,0.713918015,116.12118,92.3486826,37.88888889,57,3,359
9.8,78,86.19241285,78.96308954,0.957845455,227.1341429,202.2476077,79.88888889,58,4,297
12.5,69,37.20779221,46.42708333,0.514595455,66.46697601,59.95454545,105,59,5,309
7.3,72,26.42361111,46.25,0.433391667,62.70811878,55.20833333,74.88888889,60,6,372
3.8,56,26.95125165,50.78985507,0.524826087,67.10555186,57.36024845,83.22222222,61,7,306
5.3,52,54.79583333,48.35416667,0.7204,131.2900155,120.1565126,78.22222222,62,1,310
10.2,54,42.23838384,69.77373737,0.677633333,115.1871642,97.21731602,84.55555556,63,2,356
11.6,63,80.76110484,73.2826087,0.933595652,237.8546657,220.9254658,87.72717744,64,3,352
15.4,42,42.61666667,46.97619048,0.630190476,74.34866333,55.80069444,88.89035678,65,4,363
16.8,50,74.34920635,75.8015873,0.995194444,124.4646525,104.6680556,88.45341114,66,5,345
18.7,45,82.43752834,82.32380952,1.260285714,180.5070515,150.0006266,86.82465809,67,6,377
22.2,39,65.84166667,94.64583333,1.094505,163.1301535,131.3141326,84.41241519,68,7,375
8.4,62,73.57337454,95.92788462,1.088304396,152.8922848,124.6636142,81.625,69,1,362
7.2,74,48.73648063,92.54290546,0.894260287,123.2302051,104.1597255,54.22222222,70,2,295
14.7,67,23.46428571,88.55357143,0.701514286,91.50714286,83,98.11111111,71,3,286
7.7,75,56.41823123,94.86442314,1.073882609,172.0873224,141.9169647,65,72,4,309
5.4,62,36.59757905,63.04891304,0.920773913,122.3856191,112.295703,80.77777778,73,5,305
8.3,70,25.25838745,63.86788278,0.749927273,63.73739188,46.32772166,80.86431175,74,6,289
12.6,76,20.00370553,49.55434783,0.665869565,47.31455389,31.28140097,73.66666667,75,7,309
14.8,85,18.24686717,60.5609127,0.73437619,51.54779872,46.04037872,48.22222222,76,1,325
15.2,70,17.1506061,37.63589015,0.4971375,37.76274635,37.40993266,43.88445957,77,2,299
17,62,19.22848732,28.89583333,0.487308333,55.66145833,29.33796296,44.41749306,78,3,328
9.7,73,25.92886552,48.21369617,0.614705534,78.68976294,46.48481712,48.78631895,79,4,317
7.7,59,21.35214921,43.8901721,0.573304167,55.43709563,44.503489,55.95593345,80,5,262
12.5,76,28.49136905,48.24007937,0.685218182,106.9866552,81.03037898,64.89133281,81,6,306
9.9,80,24.35460526,32.48125,0.565945,58.02988782,53.91111111,74.55751326,82,7,333
9.4,82,18.71996753,39.76465311,0.48805,29.72525649,19.62674363,83.91947103,83,1,291
7,57,20.18305336,43.65010352,0.473943478,43.27070315,30.04479578,91.94220235,84,2,294
8,65,26.368083,69.48665327,0.807065217,92.35230018,78.85902503,97.59070347,85,3,294
9.9,77,34.07797619,89.69620927,1.035580952,117.7164274,95.94153439,99.8299706,86,4,311
12.6,73,42.31571146,54.54456522,0.971934783,186.0687592,160.5797101,97.625,87,5,328
10,70,33.19614625,61.7080863,1.026286957,132.5486801,120.4154589,88.25,88,6,284
12.1,58,60.24267912,76.90370813,1.226021739,248.4971358,187.1614423,93.75,89,7,286
10.2,71,30.23351648,45.875,0.777857143,106.6744505,53.53174603,112.125,90,1,256
13.4,66,34.75,60.35,0.719086667,59.99315476,51.13276353,97.125,91,2,338
11.7,61,21.14463933,48.57778533,0.512765217,51.20420847,41.10963883,109.5,92,3,296
11.9,53,19.81225296,41.57608696,0.417373913,42.02642709,28.79613527,101.9392663,93,4,292
13.7,75,32.79166667,50.33333333,0.856025,203.4404762,163.2617845,91,94,5,336
14.8,88,16.27622283,25.06354167,0.384345833,50.90616883,31.61018519,75.625,95,6,339
10,64,14.54538334,45.21830357,0.468652381,34.75324675,18.75228475,85.875,96,7,316
10.9,42,23.0514881,42.07457983,0.609714286,64.93060031,49.07890212,109,97,1,278
14.8,50,14.86491055,46.29592391,0.573613043,67.22255314,57.84033816,136.875,98,2,303
13.8,40,27.51528974,50.40767045,1.131204167,192.3298753,189.4228395,133.375,99,3,275
13.4,33,18.13997653,26.58951407,0.803565217,258.8576087,143.101195,101.625,100,4,296
13.3,48,14.59868421,45.14589783,0.484834783,98.80480557,66.09356725,111.1562816,101,5,288
15.2,46,12.85474308,40.44184783,1.290143478,247.6965399,185.368599,137.635145,102,6,321
19.7,40,11.18668831,20.17741703,0.414095455,60.90871212,45.64772727,144.1428571,103,7,292
19.6,39,12.75595238,13.70068027,0.286933333,37.0547619,18.71428571,123.2857143,104,1,328
21,47,11.62302372,20.06435555,0.303609289,23.0458498,14.3944768,109.6887531,105,2,329
23.7,34,9.381422925,23.27772848,0.35746087,9.249422799,8.018020595,97.125,106,3,350
16.3,72,11.43478261,23.83341895,0.368808696,11.27039806,9.985660173,88.25,107,4,329
13.7,77,17.90242095,24.21688547,0.599252174,46.36237799,40.62011419,98.125,108,5,283
11.5,54,17.73958333,21.61875,0.523729167,53.07175795,45.75925926,100.5,109,6,275
10.6,80,13.94762846,22.4371118,0.481769565,33.58441558,27.34299517,84.75,110,7,278
10.3,57,17.33125412,29.28768116,0.508647283,41.82111801,35.06984702,106.0584737,111,1,253
12.8,61,13.85079051,29.62463533,0.560043478,29.08105904,24.92753623,131.625,112,2,292
15.2,79,12.52624459,24.35795455,0.457640909,34.85064935,24.64646465,100.7023435,113,3,301
14.6,73,15.9365942,32.32087862,0.556924819,55.49534161,40.66324477,76.375,114,4,274
17.2,60,14.528125,35.78958333,0.39955,36.68958888,29.37777778,106.5830841,115,5,258
17.2,39,10.06000906,38.1875,0.4046625,24.87425241,20.45833333,138.875,116,6,256
21.4,31,12.46195652,42.08695652,0.540613043,32.05124887,26.03705534,152.625,117,7,269
22.1,61,11.73980978,28.50769928,0.566558333,26.91025066,23.74272487,130.375,118,1,310
20.1,71,24.19244071,52.62870553,0.845668972,85.02865829,60.2649999,114.7909007,119,2,334
16.3,60,62.94806985,66.77987132,1.292894118,150.758469,149.2222222,107.75,120,3,251
17.5,44,32.74772727,48.47272727,0.704449091,113.7161336,100.8521886,127.375,121,4,293
16.1,58,16.85570522,40.04683274,0.526016008,58.38543092,56.72048992,129.946918,122,5,271
17.8,54,23.371875,42.63541667,0.6310125,96.71460081,85.36018519,132.25,123,6,283
17.3,72,15.94542572,55.87318841,0.677004167,99.87401996,84.30092593,136.2390056,124,7,268
18.3,66,11.19047619,30.68181818,0.486245455,11.82440087,20.59876543,140.4285714,125,1,255
17.7,77,10.12125329,48.60960145,0.764616667,62.45438521,47.06944444,76.57142857,126,2,259
19.6,69,28.94702381,84.3577381,1.05245881,109.3921951,94.34062007,133.4285714,127,3,281
18.3,73,12.91276738,44.13760027,0.829236364,100.2740432,81.89512775,81.28571429,128,4,273
21.7,84,11.05357143,45.70535714,0.297230435,39.71379454,26.05555556,43.42857143,129,5,293
20.3,77,21.61458333,39.06060606,0.6833125,79.33164983,52.46276167,99.09865903,130,6,258
22.1,68,14.84556159,36.95474249,0.520841667,62.14114332,34.97000805,170.8571429,131,7,267
24.7,51,17.04646739,52.68822941,0.558613043,37.1382183,23.37955643,172.6666667,132,1,289
24.4,58,14.91125541,30.42343074,0.53067381,54.43056758,37.10509861,151.1666667,133,2,283
24.6,67,14.50520833,32.30729167,0.4777125,40.85648148,22.37962963,133.3333333,134,3,298
21.7,85,14.26136364,38.73890693,0.437622727,43.31577682,25.42905243,96.4559709,135,4,291
19.4,89,16.32065217,32.52717391,0.516182609,60.54159504,45.73913043,57.85714286,136,5,268
19.2,89,31.34125906,76.53532609,0.805658333,103.2105369,81.06944444,88.57142857,137,6,243
20.8,88,35.95208333,80.79375,1.0080875,170.1198048,152.0277778,51,138,7,242
21.5,69,20.92708333,38.13184524,0.442841667,75.65413036,50.89814815,165.4285714,139,1,254
24,64,13.86956522,44.9673913,0.52043913,31.9871633,29.31225296,201,140,2,273
24.8,54,18.94886364,38.17628589,0.41335,66.09848485,36.53535354,174.5,141,3,295
23.8,74,40.61451863,80.58035714,0.711234783,121.0365021,81.30331263,110.625,142,4,268
22.2,84,33.28896104,73.48189935,0.555626385,123.2640933,84.42578163,89.75,143,5,266
24.4,74,24.61755952,59.61830357,0.5452875,107.6435185,70.20833333,111.4061796,144,6,247
25.3,62,25.95869565,71.17826087,0.736034783,116.0148521,79.58454106,123.625,145,7,294
23.3,73,39.90909091,97.22101449,1.018647826,203.5467391,137.1447079,91.125,146,1,279
23.6,80,14.1242236,44.14074712,0.536043478,188.5057312,68.88405797,68.625,147,2,262
24,65,18.625,33.21354167,0.452258333,95.60365447,58.82222222,130,148,3,285
24.6,70,15.56547619,45.93348861,0.3466125,67.75462963,25.91711957,102.0350217,149,4,267
18.5,80,18.00595238,52.35714286,0.369120833,76.08997585,41.44791667,72.875,150,5,195
19.6,88,11.98109244,26.91111111,0.265533333,54.95502646,30.96770833,69.11111111,151,6,200
20.8,83,15.01298309,39.74214976,0.349028804,58.57383096,33.6107337,94.23119062,152,7,287
20.2,67,18.96753247,70.48701299,0.568836364,72.16336804,55.96022727,135.4314309,153,1,227
21.5,72,23.4568668,68.03441245,0.777152174,103.9062034,85.27482555,157,154,2,275
22.3,73,11.01428571,48.48435374,0.414009762,50.79538961,41.10846561,119.9197523,155,3,261
24.4,76,8.807453416,38.57660455,0.449226087,44.08760871,38.57004831,81.77777778,156,4,276
24.8,72,16.79166667,65.32738095,0.853175,82.83463203,67.68981481,86.22222222,157,5,283
22.4,83,24.37267081,48.79045894,0.742430435,112.4669897,97.56038647,78.10101971,158,6,244
21.5,87,14.65213358,46.45589827,0.463868182,63.69606061,59.75372775,69.66666667,159,7,227
20.2,88,12.9125817,46.14149306,0.366269565,64.13199176,50.6570443,60.125,160,1,252
21.7,78,15.76639493,52.90724638,0.4189625,59.82830723,46.14520934,100.8888889,161,2,232
22,73,15.59258021,44.51203209,0.386531818,61.44917721,47.76452197,113.6666667,162,3,270
21.3,75,27.71596791,61.12477355,0.512109964,96.46302701,47.76084081,97.60565968,163,4,243
20.6,80,24.89583333,55.11979167,0.56225,104.1480072,59.47685185,80.33333333,164,5,224
21.3,83,11.17613636,31.23863636,0.292518182,53.03181818,18.98725349,83.33333333,165,6,244
23.6,87,12.04347826,36.78804348,0.401395652,56.31047431,34.74879227,121.0898589,166,7,243
26.4,82,17.07540761,64.20516304,0.596804167,79.36666321,65.29669887,174.5902404,167,1,303
30.7,66,12.76587302,49.04012346,0.574991667,88.24066545,68.16805556,182.5555556,168,2,300
32.4,60,14.05374396,56.61010467,0.5855375,89.23015769,59.89384058,144.431395,169,3,331
29.8,71,10.44853295,35.78811929,0.512445455,74.56688381,50.74004329,104.875,170,4,283
24.4,80,12.37908497,45.85620915,0.712047059,78.84755495,58.10294118,67.625,171,5,283
25.4,67,12.03030303,31.15656566,0.631731818,52.029884,45.18181818,111.5,172,6,234
26.1,73,14.89166667,57.30833333,0.684608333,80.34572627,66.64634058,131.75,173,7,243
27.9,77,16.07608696,42.42805383,0.517308696,60.04723778,49.52173913,115.9916085,174,1,259
25.6,83,11.11956522,44.84090909,0.514291304,62.86764413,42.65700483,81.64277051,175,2,256
24.4,86,31.38095238,89.75510204,1.2145,137.2820355,139.5820106,66.57142857,176,3,243
23,82,18.63510101,43.70479798,0.711559091,71.02321429,70.89090909,91.6,177,4,228
22.8,85,8.4828722,28.52657005,0.552365217,29.94765913,24.30434783,92.39017187,178,5,226
22.8,79,9.87037037,28.96296296,0.492454167,50.92451982,35.27083333,83.32821552,179,6,235
24.2,81,10.93653931,46.62318841,0.615317391,53.00274889,46.50391304,89,180,7,252
27.6,72,15.03522544,55.50966184,0.673627174,76.07165414,53.3666102,150.2857143,181,1,228
30.4,67,17.79007466,72.09178744,0.916686957,97.44800149,71.89209486,169.2766004,182,2,302
33,55,12.52613087,32.94532279,0.607840909,64.69810871,55.16852507,179,183,3,269
33.3,51,9.147123408,23.48309179,0.490926087,49.65687371,28.58695652,180.7437293,184,4,282
33.6,48,8.283333333,21.73888889,0.45878,29.60685412,17.25,176.5,185,5,271
29.3,65,15.77973576,43.68256844,0.910586594,91.36208333,59.22771739,136.3106075,186,6,259
26.8,82,19.94887279,40.45068438,0.756132428,57.29133053,53.18568841,107.1666667,187,7,270
30.7,65,33.4947484,60.46585304,0.871608696,104.7405058,75.07032037,152,188,1,265
32.8,56,18.11111111,64.934375,0.657775,91.5681191,60.20055231,177.1428571,189,2,281
33.1,54,22.47745572,48.10044283,0.689975,125.573522,94.33140646,207.5714286,190,3,253
32.5,56,30.92777778,48.63253968,0.831915,149.3876901,83.97473684,183.3745674,191,4,272
32.6,55,14.98333333,30.49206349,0.564390476,85.25595238,37.71904762,112.3634798,192,5,230
30.2,59,16.46215781,59.21417069,0.814305616,81.21848543,48.67934783,64.875,193,6,256
30.1,67,15.01932367,37.94710145,0.486717391,75.41656315,30.70869565,55.24746455,194,7,247
30.5,63,16.71476671,42.93987494,0.481586364,87.1008658,35.86623377,65.25,195,1,249
30.8,62,18.27689943,37.71528954,0.570121542,85.69407115,41.97332016,93,196,2,269
31.9,56,23.7350737,51.8859044,0.766599094,112.3827899,72.27091695,119.375,197,3,273
31.5,57,11.86931217,37.39285714,0.617666667,64.68561821,47.76190476,118.625,198,4,248
30.8,56,7.268518519,24.71354167,0.585854167,51.39806292,39.78333333,81.375,199,5,261
30.7,57,9.705094422,29.57065217,0.7283,54.94257968,37.41304348,86.25,200,6,263
30.5,64,23.647343,52.70108696,1.025126087,102.0421651,83.66521739,152.5,201,7,236
30.7,66,20.0410628,47.01630435,0.717978261,84.34375274,58.91304348,137.5,202,1,277
30.8,62,19.74868248,47.69711609,0.9346375,114.1305189,73.14135376,137.7048352,203,2,239
33.3,53,19.50716403,45.79891304,0.639930435,102.9145952,55.1916996,143.625,204,3,261
33.9,50,17.66304348,51.4673913,0.549643478,100.8727022,53.45065562,156.5,205,4,247
34.6,51,7.890172101,24.37137681,0.553213225,89.53518519,57.57789855,168.75,206,5,271
33.8,56,7.788043478,24.17934783,0.468482609,47.94923259,27.62318841,162.7845966,207,6,332
32.8,57,7.677649511,37.71051788,0.577831818,58.69946257,43.49458874,140.8983708,208,7,291
33.9,51,14.63888889,45.30092593,0.797458333,96.26247503,68.655,133,209,1,301
34.7,49,18.97643098,46.33838384,0.856168182,138.8670185,94.46818182,173.375,210,2,320
35,48,12.47167325,31.72441809,0.613865217,73.7489942,72.30869565,186.5081349,211,3,346
32.3,57,8.68015873,23.21693122,0.449561905,39.5808016,24.56666667,182,212,4,338
30,65,8.37037037,20.041939,0.427020833,41.91568323,23.25222567,120.7688956,213,5,326
30.6,64,14.89291465,49.98570853,0.888619928,110.0644969,83.87916667,70.125,214,6,277
32.2,57,23.03174603,54.3965849,0.911754545,235.3988816,115.1318182,114.125,215,7,256
30.9,63,30.54106563,61.44567901,0.823309524,241.3971964,146.0640351,126.375,216,1,279
31.7,64,35.025,70.05698529,0.728025,194.5430409,112.36,170.6619777,217,2,283
34.8,48,29.17007988,70.55432099,0.773372222,196.3356209,83.97333333,229.6273944,218,3,281
34.6,49,29.73888889,62.32222222,0.769547632,172.3826952,95.15437909,260,219,4,285
34.9,47,13.40347628,20.50584795,0.493559737,80.49825937,41.27210526,251.3044053,220,5,287
34.1,54,9.167105841,17.82411067,0.468817391,33.49544913,20.87252964,225.8405105,221,6,278
33.7,55,10.22301587,25.82010582,0.755185714,52.43722222,46.23809524,189.5,222,7,316
32.2,64,16.23809524,34.37883598,0.696828571,62.27070232,42.04761905,146.670716,223,1,272
32,57,19.71344456,39.87948439,0.762160476,79.0377263,59.54666667,104.625,224,2,265
31.6,60,11.68333333,37.63845599,0.628124524,58.24367973,40.20674603,73.125,225,3,278
31.8,60,11.35225564,37.28650794,0.574324286,64.92849206,50.5197619,72.125,226,4,276
31.5,61,10.36165577,30.84204793,0.565743464,80.66356075,58.6751634,92.625,227,5,270
31.3,59,8.189441196,25.65847953,0.430191579,51.03889817,40.73026316,94.25,228,6,246
31.4,58,9.032236842,21.03355263,0.432006053,45.93334603,30.59678363,81.375,229,7,282
30.2,66,8.40001941,24.72916667,0.440533929,41.66193583,26.60648148,40.5,230,1,279
30.5,72,11.52248677,28.99047619,0.486141429,45.75616296,28.94904762,37.12316773,231,2,286
30.8,70,14.00739348,41.51793546,0.650454524,75.90079298,54.71865079,38,232,3,259
30,73,22.41390091,52.60918711,0.8189,124.6795678,84.11580087,39.05230729,233,4,266
29.7,74,22.43079922,55.20695257,0.809631579,140.7946577,95.06052632,45.28571429,234,5,246
30.9,65,13.71212121,41.28186628,0.584669481,80.50073308,50.50887446,83.5,235,6,276
31.5,61,7.469395712,20.88596491,0.503254737,36.61929094,21.99552632,137.75,236,7,266
28.2,78,10.62481962,40.03102453,0.798295455,56.12890259,36.82186147,101,237,1,242
27.3,69,8.652339181,30.9,0.54153,36.69908306,23.285,88,238,2,250
27.7,70,7.304650515,24.00584795,0.523272431,48.31939542,36.3877193,105.1428571,239,3,246
30.1,68,8.608201058,42.75952381,0.657972857,45.65564241,34.11119048,129.625,240,4,270
31,66,8.671693122,35.26587302,0.586695,28.895,29.65791562,138.7861376,241,5,261
29.1,69,8.395382395,28.83838384,0.4922,32.96694975,21.18636364,130.75,242,6,238
25.7,57,9.825438596,35.54122807,0.58462,48.82774517,35.19710526,92,243,7,207
25.3,54,11.56695906,34.57573099,0.660065,61.4355242,49.69726608,95.375,244,1,297
25.6,61,9.210144928,32.8492351,0.623819928,33.59056468,23.36974638,99.875,245,2,258
25.6,59,6.457912458,43.75420875,0.712581818,22.94093838,16.92952636,123.875,246,3,271
24.9,54,9.085137085,38.22895623,0.674395257,35.46700747,21.50604743,94,247,4,272
23,76,18.08369408,60.08080808,1.063786364,106.8595858,87.53636364,63.91133619,248,5,246
21,87,24.53030303,53.52525253,0.887181818,134.0545543,98.66818182,52.25,249,6,255
22.7,79,13.05584795,39.62222222,0.76531,81.50650433,65.84605263,71.37712595,250,7,263
24,81,7.941432641,32.00832316,0.546538095,58.74074328,42.15546173,99.68494318,251,1,243
25.9,77,13.36019721,45.57278044,0.800727273,62.87079943,50.62963203,129,252,2,289
28.3,75,21.79236813,41.60381594,0.994104545,90.69011516,81.91597554,158.375,253,3,306
27.2,84,13.97796053,36.03125,0.612455,81.53945499,48.89444444,122.3173517,254,4,278
28.2,78,9.697381423,26.46788538,0.503602569,51.2037037,30.22288098,76.85714286,255,5,295
27.4,83,12.58523904,33.7823499,0.703117391,72.20295815,54.40982287,117.2857143,256,6,260
27,80,16.83838384,38.03030303,0.647668182,64.40817662,43.87240829,108.974033,257,7,260
26.6,78,8.475563084,24.60593513,0.496269565,41.11797534,25.58648598,102.1428571,258,1,264
26,67,11.56506239,20.84937611,0.594309091,46.77968415,24.52858852,103.8212336,259,2,281
24.7,69,19.84545455,50.27626263,1.103022727,144.7401863,98.93910534,104.7142857,260,3,230
25.9,66,15.34082892,55.12839506,1.026119048,172.8679218,126.5619048,101.8409491,261,4,294
26,74,10.72275132,47.04338624,0.907347619,118.3362668,79.66611111,96.49379679,262,5,292
26.3,80,10.79268879,34.04136604,0.836541342,58.4702381,40.85285205,89.20331753,263,6,263
25.7,87,11.52717653,33.32828283,0.819313636,68.27729021,71.77272727,80.5,264,7,272
26.6,88,9.146296296,57.08888889,0.771866667,54.57949495,41.92,59.625,265,1,272
27.8,79,12.99935666,52.09619408,0.815960823,86.92601856,63.05267316,65.625,266,2,310
27,81,9.975845411,22.43192798,0.511973913,45.36317448,23.93478261,80.75,267,3,293
22.3,69,8.964946952,19.89185524,0.484895652,36.62810845,17.26727689,77.125,268,4,257
21.7,56,10.67698413,24.82063492,0.498414286,46.04933584,22.97857143,93.375,269,5,243
21.2,64,8.779333956,22.9973545,0.500671429,41.18022452,22.89365079,108.75,270,6,285
22.1,79,9.104871176,19.84440419,0.474764674,36.71912405,20.16557971,103.6180506,271,7,244
21.6,78,9.603059581,18.06421095,0.4927,35.97989523,15.94202899,94.25,272,1,257
23,72,6.982038429,14.48362906,0.4217375,45.935129,16.18583333,101.3248424,273,2,249
23.4,67,6.12444417,11.04098732,0.35939837,51.05905289,19.82259552,108.75,274,3,286
21.3,75,12.36650198,27.35083992,0.564399407,59.63422619,36.33230472,113.125,275,4,253
21,55,19.31709559,40.58312909,0.786738889,126.8538831,102.813031,87.375,276,5,254
21.5,64,12.45892857,31.90892857,0.511692857,64.06106061,44.03095238,107.2857143,277,6,260
21.9,78,16.47374226,40.54880031,0.673832619,74.69140068,50.05580495,79.82163368,278,7,283
23.5,90,12.29176201,26.70537757,0.495047826,58.5861882,46.20835785,55.42857143,279,1,285
23.6,94,10.11988304,15.04605263,0.406947368,42.20289337,22.56315789,53,280,2,305
21,95,10.75654762,13.82559524,0.408219048,32.70753422,15.08214286,54.33333333,281,3,263
22.5,81,8.613194444,14.79305556,0.369475,24.3818219,12.62444444,65,282,4,281
23,86,12.36111111,21.5,0.633011111,31.68055556,17.64444444,84.16666667,283,5,302
22.1,78,17.55386905,34.06547619,0.747471429,82.9220226,56.31190476,150.5714286,284,6,268
21.5,67,17.59646739,36.77015399,0.7755,105.1959015,74.42559524,132.6899843,285,7,242
21.6,69,11.25303025,24.32535106,0.517066667,62.3583493,40.80598095,114.0240698,286,1,286
24.4,65,11.7166502,22.65316206,0.577432016,53.9497865,29.19098814,95,287,2,299
18.8,67,10.51309289,19.34782609,0.416743478,37.40384423,20.90869565,75.67214985,288,3,267
15,61,11.60855263,20.67039474,0.44699,40.22337824,24.24394737,56.625,289,4,263
17.4,67,9.146130952,36.63690476,0.476161905,43.30521587,29.22619048,57.42857143,290,5,263
19.5,71,18.23214286,40.17857143,0.873447619,69.38691415,52.18746867,76.85714286,291,6,258
20.4,76,13.16098485,28.03327922,0.524022727,48.77620821,34.41641202,84.44926472,292,7,295
19.6,73,14.86580479,43.36536561,0.535730435,57.78794984,35.98783487,89.25051228,293,1,266
18.1,65,10.34469697,22.53409091,0.528890909,63.7277408,46.27142857,97,294,2,270
18.4,67,11.09375,30.83854167,0.672095833,38.4101913,26.50723684,112.8571429,295,3,252
18.7,72,14.72927632,44.2125,0.646255,51.88292729,33.99210526,115.1428571,296,4,264
18,67,11.13586957,26.82608696,0.545356522,52.49462482,40.31561265,121.3333333,297,5,261
16,60,8.660573123,31.625,0.527052174,34.14453061,24.03043478,80.5,298,6,256
15.6,58,15.76785714,48.11309524,0.853261905,59.14771784,41.31904762,91.83333333,299,7,254
15.1,66,10.80979437,48.07323232,0.594340909,30.69121517,20.80675553,100.5,300,1,283
18.4,60,10.28571429,50.03943452,0.64047619,33.42141941,25.65625,101.1666667,301,2,303
19.3,78,18.47375541,50.01325758,0.820913636,75.09948529,57.80223665,83,302,3,289
19.4,82,11.99890351,30.91915761,0.544595833,43.16811577,42.88115942,98.14285714,303,4,294
18.8,75,12.83531746,36.68452381,0.562761905,70.64556373,51.57666667,107.5,304,5,251
18.9,79,21.76190476,38.76190476,0.691014286,93.82800862,66.29011905,103.4,305,6,343
19.4,88,17.57298137,34.70380435,0.857030435,91.1359533,56.84011858,95.2,306,7,320
19,83,16.25543478,41.95652174,0.7629,80.44663165,65.36521739,68,307,1,304
16.7,59,12.74327122,44.82756917,0.557686957,52.25907538,36.24492754,89.30527356,308,2,270
16,68,13.52272727,34.66420455,0.507954545,58.2849476,37.53337321,112.2,309,3,249
16.5,73,14.13933983,49.1758658,0.737454545,60.18589158,43.51966367,103.4,310,4,308
15.4,78,11.8423913,28.86956522,0.4415,32.60688271,20.44782609,101,311,5,297
18.4,77,9.281907895,27.18125,0.42698,37.46880117,21.51,129,312,6,262
22.7,76,13.3546725,29.36220591,0.533826087,51.45315476,35.28307736,94.20324774,313,7,292
16,82,17.30110992,38.54092374,0.559104762,75.97219629,52.79086605,57.5,314,1,318
13.7,60,17.1229097,48.40635452,0.806773913,66.53859477,44.71204013,77.33333333,315,2,265
13.9,63,31.1921875,44.8296875,1.047435,127.1898014,106.01375,66.16666667,316,3,275
14.7,61,13.74015152,31.98522727,0.719277273,87.09734569,80.49666667,75.83333333,317,4,302
13.6,82,11.92579051,28.59891304,0.509047826,55.79993412,41.8570844,19.5,318,5,303
12.2,76,11.24431818,27.91152597,0.53075,48.92616075,34.03229814,63.33333333,319,6,267
12.2,69,13.01358696,28.07453416,0.55286087,54.71474567,38.99365264,81.16666667,320,7,299
11.6,40,11.13928571,24.45947972,0.517614286,49.35035438,33.47666667,72.74162594,321,1,299
9.3,41,13.40203034,29.19695281,0.62826087,69.399082,45.30050725,53.28542594,322,2,307
8,52,13.50972127,31.12037248,0.512413636,38.75607817,16.0508658,44.83333333,323,3,303
9.6,68,11.63567013,35.12982462,0.529781423,45.35988818,21.12876964,64.83333333,324,4,330
13,70,9.929292929,27.86868687,0.534290909,25.16360879,16.86788676,113.1428571,325,5,317
14.7,79,9.419887279,18.97685185,0.443545833,35.35634058,16.199063,95.42857143,326,6,326
16.9,75,10.8705653,20.34389214,0.46156,30.52805556,14.37476608,105,327,7,324
16.1,83,11.75485009,30.58371624,0.563295238,47.85431495,29.8877193,40.71428571,328,1,360
10.2,58,13.7662037,28.74684343,0.49264375,41.80803571,20.01875,54,329,2,344
8.8,73,12.01111111,32.82328042,0.5515,36.336934,19.36285714,46.85714286,330,3,302
9.8,52,15.38380138,62.4953195,0.804380952,57.43169895,38.34761905,43.16666667,331,4,339
4.7,35,22.08366271,53.30390865,0.931534783,73.49858782,60.07924901,45.83333333,332,5,315
4.7,43,12.42010962,20.54931837,0.444827273,29.77839105,12.74241342,37.2,333,6,315
5.5,61,10.45507709,16.45606061,0.495365909,36.05480178,15.29545455,59.33333333,334,7,317
7.2,65,10.26818182,24.31659452,0.555927273,20.01849882,13.78772072,52.83333333,335,1,388
6.9,73,11.73480143,33.86059351,0.636921344,41.75725564,28.36363636,36.16666667,336,2,320
10.2,73,15.15131579,51.04761905,0.621633333,71.46707742,47.61971596,85.33333333,337,3,357
11.2,80,11.54329004,36.72159091,0.709013636,73.04453621,57.99545455,97.5,338,4,359
10.6,86,11.75945419,32.40570175,0.666157895,51.67094581,41.10666667,56.63760256,339,5,361
10,85,9.747335932,23.31759868,0.575677895,35.93344427,20.35973684,20.5,340,6,343
9.6,87,20.06144781,39.33143939,0.842245833,87.25525423,51.89921481,81.66666667,341,7,359
13.7,80,9.386568062,20.44545455,0.584783712,37.67437343,18.92295455,84.66666667,342,1,338
8.8,79,14.57748538,29.99557749,0.470669444,47.46474984,20.8194282,26,343,2,381
5,54,21.12854437,44.51352814,0.804453247,89.08989899,53.19336219,35.71428571,344,3,379
5.3,46,16.5034585,24.89772727,0.640779249,70.22842628,52.9571805,39,345,4,317
5.3,58,12.31965944,20.03490497,0.460604678,40.38971066,15.95873944,46.5,346,5,365
7.2,69,13.75449561,22.62774123,0.55933,65.01744639,30.68489279,49.3063303,347,6,337
8.1,75,15.39342005,23.30688528,0.638344466,62.80970156,37.21247255,51.14285714,348,7,374
9.9,70,14.50508603,34.23748837,0.541493676,52.52930105,30.22148596,81.14285714,349,1,371
7.2,80,13.24662118,38.61536712,0.650989211,44.91122807,23.66371345,60.94232436,350,2,358
6.8,89,13.6037037,38.20952381,0.619757143,44.51658755,25.1697619,39.28571429,351,3,424
7.5,72,13.61471861,31.04088504,0.640690909,55.40271702,31.21558442,61,352,4,390
3.3,62,13.1969697,23.89160513,0.60133961,57.80616162,34.72207792,56,353,5,363
2.3,63,11.59199657,16.66719603,0.587793281,68.9172125,29.78104649,23.66666667,354,6,370
2.5,60,17.74697392,24.68085027,0.60635584,85.45727652,28.60532581,42.5,355,7,417
4,67,32.94094304,53.04184952,0.804230147,90.94823529,43.69332665,42.66666667,356,1,362
4.1,70,44.32718489,91.29063913,1.105540711,140.2843083,96.46294466,53.5,357,2,445
4.8,68,30.87124756,94.51534392,1.10817,147.1360489,105.3069048,44.48769415,358,3,412
5.2,73,13.68908382,44.80896686,0.57467193,54.65791194,22.0994496,31.5,359,4,424
4,68,9.564090177,35.75832758,0.555627743,39.89039808,16.94539337,16.16666667,360,5,399
0.7,54,11.38544974,28.7526455,0.503728095,48.01469925,22.6752381,36.57142857,361,6,462
0.1,51,15.66084559,52.78571429,0.693990972,91.59104938,55.39801198,30.29380724,362,7,410
0.2,59,20.19255583,52.11657514,0.852005217,117.3118477,66.66079451,26.71428571,363,1,424
2,57,14.51515152,33.89811155,0.650853162,74.06336579,47.57964427,43.5,364,2,445
4.4,55,12.06126427,55.09356725,0.595547368,69.64468254,41.99097744,53.9813195,365,3,408
5.7,59,15.02765423,72.33007351,0.616302447,76.27676541,55.48197303,60.82728047,366,4,524
7.2,67,23.46428571,88.55357143,0.701514286,91.50714286,83,59.625,367,5,481
11.6,58,56.41823123,94.86442314,1.073882609,172.0873224,141.9169647,45.125,368,6,451
7.2,76,36.59757905,63.04891304,0.920773913,122.3856191,112.295703,38,369,7,464
4,78,25.25838745,63.86788278,0.749927273,63.73739188,46.32772166,31.25,370,1,426
8.1,71,20.00370553,49.55434783,0.665869565,47.31455389,31.28140097,61.375,371,2,459
10.3,85,18.24686717,60.5609127,0.73437619,51.54779872,46.04037872,21.5,372,3,416
7.4,86,17.1506061,37.63589015,0.4971375,37.76274635,37.40993266,51.875,373,4,457
3,58,19.22848732,28.89583333,0.487308333,55.66145833,29.33796296,57.75,374,5,400
2.5,70,25.92886552,48.21369617,0.614705534,78.68976294,46.48481712,61,375,6,444
5.6,76,21.35214921,43.8901721,0.573304167,55.43709563,44.503489,56.625,376,7,443
5.9,73,28.49136905,48.24007937,0.685218182,106.9866552,81.03037898,61.5,377,1,424
4.7,65,24.35460526,32.48125,0.565945,58.02988782,53.91111111,60.38186502,378,2,464
4.4,63,18.71996753,39.76465311,0.48805,29.72525649,19.62674363,58.75,379,3,411
4.4,60,20.18305336,43.65010352,0.473943478,43.27070315,30.04479578,60.17752584,380,4,471
5.2,74,26.368083,69.48665327,0.807065217,92.35230018,78.85902503,62.125,381,5,406
6.5,77,34.07797619,89.69620927,1.035580952,117.7164274,95.94153439,33.75,382,6,435
5.5,72,42.31571146,54.54456522,0.971934783,186.0687592,160.5797101,63.875,383,7,443
3.9,74,33.19614625,61.7080863,1.026286957,132.5486801,120.4154589,74.125,384,1,394
5.4,63,60.24267912,76.90370813,1.226021739,248.4971358,187.1614423,38.625,385,2,426
3.2,47,30.23351648,45.875,0.777857143,106.6744505,53.53174603,29.99338192,386,3,451
1.9,56,34.75,60.35,0.719086667,59.99315476,51.13276353,35.25,387,4,416
5.7,62,21.14463933,48.57778533,0.512765217,51.20420847,41.10963883,61,388,5,398
11.6,60,19.81225296,41.57608696,0.417373913,42.02642709,28.79613527,59.125,389,6,418
10.9,68,32.79166667,50.33333333,0.856025,203.4404762,163.2617845,38.625,390,7,391
6.7,67,16.27622283,25.06354167,0.384345833,50.90616883,31.61018519,63.42857143,391,1,387
7.2,71,14.54538334,45.21830357,0.468652381,34.75324675,18.75228475,63.875,392,2,390
8.3,80,23.0514881,42.07457983,0.609714286,64.93060031,49.07890212,55.125,393,3,391
10.6,84,14.86491055,46.29592391,0.573613043,67.22255314,57.84033816,52.75,394,4,344
10.6,85,27.51528974,50.40767045,1.131204167,192.3298753,189.4228395,61.5,395,5,332
14.2,78,18.13997653,26.58951407,0.803565217,258.8576087,143.101195,104.75,396,6,333
18,70,14.59868421,45.14589783,0.484834783,98.80480557,66.09356725,82,397,7,468
10.3,94,12.85474308,40.44184783,1.290143478,247.6965399,185.368599,24.42857143,398,1,381
7.5,80,11.18668831,20.17741703,0.414095455,60.90871212,45.64772727,64.71428571,399,2,335
3.5,55,12.75595238,13.70068027,0.286933333,37.0547619,18.71428571,73.28571429,400,3,325
5.2,78,11.62302372,20.06435555,0.303609289,23.0458498,14.3944768,56,401,4,355
7.8,95,9.381422925,23.27772848,0.35746087,9.249422799,8.018020595,51.57142857,402,5,350
5.3,92,11.43478261,23.83341895,0.368808696,11.27039806,9.985660173,49.28571429,403,6,363
3.1,71,17.90242095,24.21688547,0.599252174,46.36237799,40.62011419,65.875,404,7,338
2.1,72,17.73958333,21.61875,0.523729167,53.07175795,45.75925926,59,405,1,343
-0.2,71,13.94762846,22.4371118,0.481769565,33.58441558,27.34299517,60,406,2,369
0.5,71,17.33125412,29.28768116,0.508647283,41.82111801,35.06984702,59,407,3,364
3.5,78,13.85079051,29.62463533,0.560043478,29.08105904,24.92753623,57,408,4,381
5.3,68,12.52624459,24.35795455,0.457640909,34.85064935,24.64646465,75.875,409,5,366
4.6,66,15.9365942,32.32087862,0.556924819,55.49534161,40.66324477,84,410,6,386
4.2,68,14.528125,35.78958333,0.39955,36.68958888,29.37777778,79.5,411,7,364
6.8,82,10.06000906,38.1875,0.4046625,24.87425241,20.45833333,49.125,412,1,358
7.9,98,12.46195652,42.08695652,0.540613043,32.05124887,26.03705534,51.99245662,413,2,415
4.6,91,11.73980978,28.50769928,0.566558333,26.91025066,23.74272487,58.875,414,3,343
3.3,87,24.19244071,52.62870553,0.845668972,85.02865829,60.2649999,30.75,415,4,322
3.8,74,62.94806985,66.77987132,1.292894118,150.758469,149.2222222,65.19959351,416,5,343
3.8,76,32.74772727,48.47272727,0.704449091,113.7161336,100.8521886,102.375,417,6,324
6.8,71,16.85570522,40.04683274,0.526016008,58.38543092,56.72048992,83.75,418,7,375
7.6,76,23.371875,42.63541667,0.6310125,96.71460081,85.36018519,102.5,419,1,361
8.6,91,15.94542572,55.87318841,0.677004167,99.87401996,84.30092593,51.375,420,2,374
9.7,96,11.19047619,30.68181818,0.486245455,11.82440087,20.59876543,98.125,421,3,391
9.4,96,10.12125329,48.60960145,0.764616667,62.45438521,47.06944444,73.125,422,4,399
10.4,86,28.94702381,84.3577381,1.05245881,109.3921951,94.34062007,41,423,5,327
7.9,94,12.91276738,44.13760027,0.829236364,100.2740432,81.89512775,36.70964916,424,6,293
6.5,86,11.05357143,45.70535714,0.297230435,39.71379454,26.05555556,58.125,425,7,371
7.2,67,21.61458333,39.06060606,0.6833125,79.33164983,52.46276167,105.375,426,1,329
8.5,70,14.84556159,36.95474249,0.520841667,62.14114332,34.97000805,101,427,2,353
9.3,83,17.04646739,52.68822941,0.558613043,37.1382183,23.37955643,57.5,428,3,317
7.7,66,14.91125541,30.42343074,0.53067381,54.43056758,37.10509861,68.51277401,429,4,332
6.2,60,14.50520833,32.30729167,0.4777125,40.85648148,22.37962963,80.75,430,5,332
6.9,58,14.26136364,38.73890693,0.437622727,43.31577682,25.42905243,84.75,431,6,325
7.4,62,16.32065217,32.52717391,0.516182609,60.54159504,45.73913043,79.625,432,7,338
7.1,70,31.34125906,76.53532609,0.805658333,103.2105369,81.06944444,93.75,433,1,329
8.4,80,35.95208333,80.79375,1.0080875,170.1198048,152.0277778,99.375,434,2,352
11.3,65,20.92708333,38.13184524,0.442841667,75.65413036,50.89814815,113.375,435,3,323
12.9,89,13.86956522,44.9673913,0.52043913,31.9871633,29.31225296,19.57142857,436,4,356
7.3,57,18.94886364,38.17628589,0.41335,66.09848485,36.53535354,74.42857143,437,5,325
9.3,50,40.61451863,80.58035714,0.711234783,121.0365021,81.30331263,98.25,438,6,335
13,47,33.28896104,73.48189935,0.555626385,123.2640933,84.42578163,119.2605563,439,7,348
15.8,57,24.61755952,59.61830357,0.5452875,107.6435185,70.20833333,137,440,1,324
18.6,67,25.95869565,71.17826087,0.736034783,116.0148521,79.58454106,113.875,441,2,406
16.2,75,39.90909091,97.22101449,1.018647826,203.5467391,137.1447079,133.875,442,3,378
10.3,83,14.1242236,44.14074712,0.536043478,188.5057312,68.88405797,73.14285714,443,4,329
9.7,57,18.625,33.21354167,0.452258333,95.60365447,58.82222222,108.5,444,5,279
9.6,47,15.56547619,45.93348861,0.3466125,67.75462963,25.91711957,98.57142857,445,6,332
11.4,41,18.00595238,52.35714286,0.369120833,76.08997585,41.44791667,128.2857143,446,7,310
13,61,11.98109244,26.91111111,0.265533333,54.95502646,30.96770833,102.7142857,447,1,312
16.8,67,15.01298309,39.74214976,0.349028804,58.57383096,33.6107337,92.66666667,448,2,328
17.5,84,18.96753247,70.48701299,0.568836364,72.16336804,55.96022727,42.28571429,449,3,356
16.3,82,23.4568668,68.03441245,0.777152174,103.9062034,85.27482555,91.14285714,450,4,358
14.1,83,11.01428571,48.48435374,0.414009762,50.79538961,41.10846561,96.28571429,451,5,299
15.7,86,8.807453416,38.57660455,0.449226087,44.08760871,38.57004831,97.14285714,452,6,291
16.3,96,16.79166667,65.32738095,0.853175,82.83463203,67.68981481,24.57142857,453,7,306
13.9,80,24.37267081,48.79045894,0.742430435,112.4669897,97.56038647,120.875,454,1,276
12.6,75,14.65213358,46.45589827,0.463868182,63.69606061,59.75372775,109.375,455,2,267
14.3,79,12.9125817,46.14149306,0.366269565,64.13199176,50.6570443,116,456,3,351
14.5,80,15.76639493,52.90724638,0.4189625,59.82830723,46.14520934,86.25,457,4,303
15,76,15.59258021,44.51203209,0.386531818,61.44917721,47.76452197,101.8686373,458,5,273
13.2,50,27.71596791,61.12477355,0.512109964,96.46302701,47.76084081,115.625,459,6,281
12.9,57,24.89583333,55.11979167,0.56225,104.1480072,59.47685185,106,460,7,287
11.9,40,11.17613636,31.23863636,0.292518182,53.03181818,18.98725349,102.125,461,1,266
13.9,65,12.04347826,36.78804348,0.401395652,56.31047431,34.74879227,102.375,462,2,280
16.3,77,17.07540761,64.20516304,0.596804167,79.36666321,65.29669887,95.125,463,3,287
17,76,12.76587302,49.04012346,0.574991667,88.24066545,68.16805556,120.8888889,464,4,327
18,57,14.05374396,56.61010467,0.5855375,89.23015769,59.89384058,144.4444444,465,5,323
15.3,79,10.44853295,35.78811929,0.512445455,74.56688381,50.74004329,107.4444444,466,6,299
16.8,93,12.37908497,45.85620915,0.712047059,78.84755495,58.10294118,105.1836677,467,7,307
13.7,89,12.03030303,31.15656566,0.631731818,52.029884,45.18181818,112.4444444,468,1,306
14.8,78,14.89166667,57.30833333,0.684608333,80.34572627,66.64634058,130.7777778,469,2,293
16,64,16.07608696,42.42805383,0.517308696,60.04723778,49.52173913,131,470,3,303
17.1,85,11.11956522,44.84090909,0.514291304,62.86764413,42.65700483,70.5,471,4,296
17.6,89,31.38095238,89.75510204,1.2145,137.2820355,139.5820106,27.125,472,5,275
15.1,82,18.63510101,43.70479798,0.711559091,71.02321429,70.89090909,95.55555556,473,6,278
14.2,93,8.4828722,28.52657005,0.552365217,29.94765913,24.30434783,82.77777778,474,7,300
14.5,83,9.87037037,28.96296296,0.492454167,50.92451982,35.27083333,96.88888889,475,1,285
13.5,86,10.93653931,46.62318841,0.615317391,53.00274889,46.50391304,87.33333333,476,2,258
15.3,73,15.03522544,55.50966184,0.673627174,76.07165414,53.3666102,103.8888889,477,3,231
15.4,64,17.79007466,72.09178744,0.916686957,97.44800149,71.89209486,125.5555556,478,4,266
17.9,76,12.52613087,32.94532279,0.607840909,64.69810871,55.16852507,115.1111111,479,5,325
19,74,9.147123408,23.48309179,0.490926087,49.65687371,28.58695652,122,480,6,315
17.6,92,8.283333333,21.73888889,0.45878,29.60685412,17.25,85.66666667,481,7,296
17.5,90,15.77973576,43.68256844,0.910586594,91.36208333,59.22771739,40.66666667,482,1,325
16.8,76,19.94887279,40.45068438,0.756132428,57.29133053,53.18568841,75.77777778,483,2,280
17.1,69,33.4947484,60.46585304,0.871608696,104.7405058,75.07032037,144.375,484,3,276
17.9,63,18.11111111,64.934375,0.657775,91.5681191,60.20055231,145.875,485,4,246
21.4,60,22.47745572,48.10044283,0.689975,125.573522,94.33140646,185.125,486,5,328
22.9,55,30.92777778,48.63253968,0.831915,149.3876901,83.97473684,163.5555556,487,6,304
16.9,53,14.98333333,30.49206349,0.564390476,85.25595238,37.71904762,89.66666667,488,7,268
16,73,16.46215781,59.21417069,0.814305616,81.21848543,48.67934783,41.33333333,489,1,268
16.2,41,15.01932367,37.94710145,0.486717391,75.41656315,30.70869565,123.4444444,490,2,252
17,40,16.71476671,42.93987494,0.481586364,87.1008658,35.86623377,137.5555556,491,3,280
20.3,57,18.27689943,37.71528954,0.570121542,85.69407115,41.97332016,148.1111111,492,4,278
19.7,66,23.7350737,51.8859044,0.766599094,112.3827899,72.27091695,162.5555556,493,5,285
17.1,73,11.86931217,37.39285714,0.617666667,64.68561821,47.76190476,117.2222222,494,6,295
18.2,89,7.268518519,24.71354167,0.585854167,51.39806292,39.78333333,88,495,7,270
21,89,9.705094422,29.57065217,0.7283,54.94257968,37.41304348,49.33333333,496,1,280
21.7,61,23.647343,52.70108696,1.025126087,102.0421651,83.66521739,164.6666667,497,2,291
22,51,20.0410628,47.01630435,0.717978261,84.34375274,58.91304348,136.4444444,498,3,287
22.4,79,19.74868248,47.69711609,0.9346375,114.1305189,73.14135376,197.3333333,499,4,304
21.7,60,19.50716403,45.79891304,0.639930435,102.9145952,55.1916996,154.875,500,5,291
22.2,48,17.66304348,51.4673913,0.549643478,100.8727022,53.45065562,155.125,501,6,305
19,85,7.890172101,24.37137681,0.553213225,89.53518519,57.57789855,113.875,502,7,294
18.2,82,7.788043478,24.17934783,0.468482609,47.94923259,27.62318841,107.5,503,1,264
19.1,91,7.677649511,37.71051788,0.577831818,58.69946257,43.49458874,82.66666667,504,2,293
21.2,81,14.63888889,45.30092593,0.797458333,96.26247503,68.655,130.2222222,505,3,290
23.1,71,18.97643098,46.33838384,0.856168182,138.8670185,94.46818182,205.3333333,506,4,289
23.6,61,12.47167325,31.72441809,0.613865217,73.7489942,72.30869565,149.5555556,507,5,278
22.8,70,8.68015873,23.21693122,0.449561905,39.5808016,24.56666667,116.3333333,508,6,309
22.7,78,8.37037037,20.041939,0.427020833,41.91568323,23.25222567,102.8888889,509,7,301
24.3,87,14.89291465,49.98570853,0.888619928,110.0644969,83.87916667,83.22222222,510,1,267
26,57,23.03174603,54.3965849,0.911754545,235.3988816,115.1318182,161.5555556,511,2,302
27.5,45,30.54106563,61.44567901,0.823309524,241.3971964,146.0640351,187.5555556,512,3,304
27.6,43,35.025,70.05698529,0.728025,194.5430409,112.36,173,513,4,323
27.8,45,29.17007988,70.55432099,0.773372222,196.3356209,83.97333333,180.2222222,514,5,291
29,41,29.73888889,62.32222222,0.769547632,172.3826952,95.15437909,180.1111111,515,6,303
25.3,62,13.40347628,20.50584795,0.493559737,80.49825937,41.27210526,140.8888889,516,7,274
22.5,87,9.167105841,17.82411067,0.468817391,33.49544913,20.87252964,90.33333333,517,1,293
23.2,82,10.22301587,25.82010582,0.755185714,52.43722222,46.23809524,90.11876762,518,2,290
20.6,77,16.23809524,34.37883598,0.696828571,62.27070232,42.04761905,95.66666667,519,3,260
21.7,75,19.71344456,39.87948439,0.762160476,79.0377263,59.54666667,93.88888889,520,4,257
22.1,78,11.68333333,37.63845599,0.628124524,58.24367973,40.20674603,107.1111111,521,5,281
22.7,79,11.35225564,37.28650794,0.574324286,64.92849206,50.5197619,117.5555556,522,6,292
24.7,77,10.36165577,30.84204793,0.565743464,80.66356075,58.6751634,161.8888889,523,7,237
23.8,80,8.189441196,25.65847953,0.430191579,51.03889817,40.73026316,97.25,524,1,264
22.9,75,9.032236842,21.03355263,0.432006053,45.93334603,30.59678363,102.875,525,2,246
22.8,80,8.40001941,24.72916667,0.440533929,41.66193583,26.60648148,74.625,526,3,260
23.5,76,11.52248677,28.99047619,0.486141429,45.75616296,28.94904762,89.21580007,527,4,241
23.7,69,14.00739348,41.51793546,0.650454524,75.90079298,54.71865079,135.2222222,528,5,268
26.1,64,22.41390091,52.60918711,0.8189,124.6795678,84.11580087,217.1111111,529,6,262
27.3,59,22.43079922,55.20695257,0.809631579,140.7946577,95.06052632,247.6666667,530,7,293
25.9,67,13.71212121,41.28186628,0.584669481,80.50073308,50.50887446,112.7777778,531,1,291
23.2,86,7.469395712,20.88596491,0.503254737,36.61929094,21.99552632,89.66666667,532,2,286
22.1,92,10.62481962,40.03102453,0.798295455,56.12890259,36.82186147,79.11111111,533,3,244
22,80,8.652339181,30.9,0.54153,36.69908306,23.285,107.1111111,534,4,240
23.6,79,7.304650515,24.00584795,0.523272431,48.31939542,36.3877193,121.7777778,535,5,228
23.3,92,8.608201058,42.75952381,0.657972857,45.65564241,34.11119048,47.44444444,536,6,241
22.3,94,8.671693122,35.26587302,0.586695,28.895,29.65791562,74.66666667,537,7,252
22.6,84,8.395382395,28.83838384,0.4922,32.96694975,21.18636364,92.77777778,538,1,257
22.6,83,9.825438596,35.54122807,0.58462,48.82774517,35.19710526,67.66666667,539,2,248
24.4,79,11.56695906,34.57573099,0.660065,61.4355242,49.69726608,147,540,3,302
22.3,87,9.210144928,32.8492351,0.623819928,33.59056468,23.36974638,82.22222222,541,4,236
21.6,95,6.457912458,43.75420875,0.712581818,22.94093838,16.92952636,67.33333333,542,5,263
22.3,91,9.085137085,38.22895623,0.674395257,35.46700747,21.50604743,66.77777778,543,6,263
24.2,85,18.08369408,60.08080808,1.063786364,106.8595858,87.53636364,142,544,7,243
25.6,74,24.53030303,53.52525253,0.887181818,134.0545543,98.66818182,182.5555556,545,1,261
24.5,74,13.05584795,39.62222222,0.76531,81.50650433,65.84605263,120.7777778,546,2,215
22.3,89,7.941432641,32.00832316,0.546538095,58.74074328,42.15546173,61.22222222,547,3,299
24.3,93,13.36019721,45.57278044,0.800727273,62.87079943,50.62963203,45,548,4,305
25.2,79,21.79236813,41.60381594,0.994104545,90.69011516,81.91597554,146.125,549,5,243
24.2,82,13.97796053,36.03125,0.612455,81.53945499,48.89444444,101.1964243,550,6,252
25.5,87,9.697381423,26.46788538,0.503602569,51.2037037,30.22288098,56.5,551,7,277
24.8,81,12.58523904,33.7823499,0.703117391,72.20295815,54.40982287,119.625,552,1,243
24.6,81,16.83838384,38.03030303,0.647668182,64.40817662,43.87240829,104.8888889,553,2,279
25.2,82,8.475563084,24.60593513,0.496269565,41.11797534,25.58648598,90.66666667,554,3,247
27.1,79,11.56506239,20.84937611,0.594309091,46.77968415,24.52858852,59.66666667,555,4,264
28.9,78,19.84545455,50.27626263,1.103022727,144.7401863,98.93910534,164.1111111,556,5,268
28.2,84,15.34082892,55.12839506,1.026119048,172.8679218,126.5619048,147.3333333,557,6,300
27.3,87,10.72275132,47.04338624,0.907347619,118.3362668,79.66611111,154,558,7,276
24.4,89,10.79268879,34.04136604,0.836541342,58.4702381,40.85285205,93.88888889,559,1,247
25.7,83,11.52717653,33.32828283,0.819313636,68.27729021,71.77272727,173.5555556,560,2,244
23.9,93,9.146296296,57.08888889,0.771866667,54.57949495,41.92,93.22222222,561,3,240
26.5,85,12.99935666,52.09619408,0.815960823,86.92601856,63.05267316,106.3333333,562,4,253
29.5,75,9.975845411,22.43192798,0.511973913,45.36317448,23.93478261,112.2222222,563,5,267
29.6,77,8.964946952,19.89185524,0.484895652,36.62810845,17.26727689,90.77777778,564,6,248
29.8,75,10.67698413,24.82063492,0.498414286,46.04933584,22.97857143,101.7777778,565,7,283
29.8,76,8.779333956,22.9973545,0.500671429,41.18022452,22.89365079,124,566,1,270
30.4,73,9.104871176,19.84440419,0.474764674,36.71912405,20.16557971,116,567,2,287
30.5,71,9.603059581,18.06421095,0.4927,35.97989523,15.94202899,117,568,3,259
30.9,72,6.982038429,14.48362906,0.4217375,45.935129,16.18583333,66.44444444,569,4,268
30.3,75,6.12444417,11.04098732,0.35939837,51.05905289,19.82259552,72.375,570,5,304
29.4,73,12.36650198,27.35083992,0.564399407,59.63422619,36.33230472,99,571,6,294
28.1,77,19.31709559,40.58312909,0.786738889,126.8538831,102.813031,122.375,572,7,274
26.3,90,12.45892857,31.90892857,0.511692857,64.06106061,44.03095238,85.5,573,1,263
27.4,82,16.47374226,40.54880031,0.673832619,74.69140068,50.05580495,164,574,2,259
29.8,75,12.29176201,26.70537757,0.495047826,58.5861882,46.20835785,141.125,575,3,306
30.4,73,10.11988304,15.04605263,0.406947368,42.20289337,22.56315789,94.2961181,576,4,284
29.6,80,10.75654762,13.82559524,0.408219048,32.70753422,15.08214286,50.875,577,5,241
26.5,87,8.613194444,14.79305556,0.369475,24.3818219,12.62444444,52.875,578,6,307
26.6,85,12.36111111,21.5,0.633011111,31.68055556,17.64444444,107.2023977,579,7,267
29.6,75,17.55386905,34.06547619,0.747471429,82.9220226,56.31190476,163.5,580,1,263
31,71,17.59646739,36.77015399,0.7755,105.1959015,74.42559524,212.875,581,2,255
30.7,75,11.25303025,24.32535106,0.517066667,62.3583493,40.80598095,159.25,582,3,264
29.9,76,11.7166502,22.65316206,0.577432016,53.9497865,29.19098814,146,583,4,302
29.3,78,10.51309289,19.34782609,0.416743478,37.40384423,20.90869565,87.625,584,5,292
28.1,82,11.60855263,20.67039474,0.44699,40.22337824,24.24394737,52.28985414,585,6,258
26.1,90,9.146130952,36.63690476,0.476161905,43.30521587,29.22619048,52.375,586,7,279
25.8,83,18.23214286,40.17857143,0.873447619,69.38691415,52.18746867,100,587,1,256
26.3,75,13.16098485,28.03327922,0.524022727,48.77620821,34.41641202,131.5,588,2,273
26,72,14.86580479,43.36536561,0.535730435,57.78794984,35.98783487,100.25,589,3,234
27.2,77,10.34469697,22.53409091,0.528890909,63.7277408,46.27142857,121.5,590,4,262
25.7,89,11.09375,30.83854167,0.672095833,38.4101913,26.50723684,70.375,591,5,252
24.6,86,14.72927632,44.2125,0.646255,51.88292729,33.99210526,86.25,592,6,238
25.8,77,11.13586957,26.82608696,0.545356522,52.49462482,40.31561265,114.75,593,7,271
23.3,92,8.660573123,31.625,0.527052174,34.14453061,24.03043478,84.5,594,1,266
23.2,94,15.76785714,48.11309524,0.853261905,59.14771784,41.31904762,49.75,595,2,269
22.7,92,10.80979437,48.07323232,0.594340909,30.69121517,20.80675553,70.25,596,3,281
22.9,92,10.28571429,50.03943452,0.64047619,33.42141941,25.65625,73,597,4,251
24.5,83,18.47375541,50.01325758,0.820913636,75.09948529,57.80223665,168.625,598,5,311
26.5,85,11.99890351,30.91915761,0.544595833,43.16811577,42.88115942,116.375,599,6,314
27.7,85,12.83531746,36.68452381,0.562761905,70.64556373,51.57666667,125.125,600,7,294
29.2,76,21.76190476,38.76190476,0.691014286,93.82800862,66.29011905,184.5,601,1,330
26.6,75,17.57298137,34.70380435,0.857030435,91.1359533,56.84011858,151.125,602,2,312
26.1,74,16.25543478,41.95652174,0.7629,80.44663165,65.36521739,141.375,603,3,267
23,80,12.74327122,44.82756917,0.557686957,52.25907538,36.24492754,92.625,604,4,266
24.7,84,13.52272727,34.66420455,0.507954545,58.2849476,37.53337321,106.25,605,5,295
25.1,87,14.13933983,49.1758658,0.737454545,60.18589158,43.51966367,68,606,6,279
25.4,80,11.8423913,28.86956522,0.4415,32.60688271,20.44782609,102.625,607,7,237
25.2,83,9.281907895,27.18125,0.42698,37.46880117,21.51,90,608,1,238
26.2,86,13.3546725,29.36220591,0.533826087,51.45315476,35.28307736,107.1428571,609,2,329
26.5,83,17.30110992,38.54092374,0.559104762,75.97219629,52.79086605,157.5714286,610,3,309
24.1,89,17.1229097,48.40635452,0.806773913,66.53859477,44.71204013,77.125,611,4,271
23.7,82,31.1921875,44.8296875,1.047435,127.1898014,106.01375,197.125,612,5,259
25.5,77,13.74015152,31.98522727,0.719277273,87.09734569,80.49666667,185.75,613,6,290
26,78,11.92579051,28.59891304,0.509047826,55.79993412,41.8570844,136.625,614,7,291
25.6,80,11.24431818,27.91152597,0.53075,48.92616075,34.03229814,131.625,615,1,293
25.5,76,13.01358696,28.07453416,0.55286087,54.71474567,38.99365264,134.125,616,2,286
26.1,74,11.13928571,24.45947972,0.517614286,49.35035438,33.47666667,114.6666667,617,3,314
25.1,79,13.40203034,29.19695281,0.62826087,69.399082,45.30050725,110.8888889,618,4,267
24.6,69,13.50972127,31.12037248,0.512413636,38.75607817,16.0508658,127.2222222,619,5,299
24.7,78,11.63567013,35.12982462,0.529781423,45.35988818,21.12876964,103.1111111,620,6,268
23.1,89,9.929292929,27.86868687,0.534290909,25.16360879,16.86788676,87,621,7,287
24.6,78,9.419887279,18.97685185,0.443545833,35.35634058,16.199063,93.55555556,622,1,273
24.2,74,10.8705653,20.34389214,0.46156,30.52805556,14.37476608,104.7777778,623,2,285
24.2,75,11.75485009,30.58371624,0.563295238,47.85431495,29.8877193,121.7777778,624,3,256
24.6,68,13.7662037,28.74684343,0.49264375,41.80803571,20.01875,110.3335703,625,4,275
21.7,79,12.01111111,32.82328042,0.5515,36.336934,19.36285714,88.11111111,626,5,250
20.1,80,15.38380138,62.4953195,0.804380952,57.43169895,38.34761905,63.88888889,627,6,248
21.6,84,22.08366271,53.30390865,0.931534783,73.49858782,60.07924901,103.1111111,628,7,281
23.7,74,12.42010962,20.54931837,0.444827273,29.77839105,12.74241342,115.125,629,1,286
23.1,83,10.45507709,16.45606061,0.495365909,36.05480178,15.29545455,84.22222222,630,2,290
23.9,95,10.26818182,24.31659452,0.555927273,20.01849882,13.78772072,27.77777778,631,3,302
23.4,84,11.73480143,33.86059351,0.636921344,41.75725564,28.36363636,67.875,632,4,301
23,79,15.15131579,51.04761905,0.621633333,71.46707742,47.61971596,157.25,633,5,274
23.6,79,11.54329004,36.72159091,0.709013636,73.04453621,57.99545455,149.1111111,634,6,263
24.8,80,11.75945419,32.40570175,0.666157895,51.67094581,41.10666667,134.2101579,635,7,327
25.3,76,9.747335932,23.31759868,0.575677895,35.93344427,20.35973684,119.6666667,636,1,279
25.6,81,20.06144781,39.33143939,0.842245833,87.25525423,51.89921481,108.625,637,2,312
21,79,9.386568062,20.44545455,0.584783712,37.67437343,18.92295455,78.77777778,638,3,268
20.6,68,14.57748538,29.99557749,0.470669444,47.46474984,20.8194282,110.75,639,4,265
22.4,72,21.12854437,44.51352814,0.804453247,89.08989899,53.19336219,182.375,640,5,280
21.6,68,16.5034585,24.89772727,0.640779249,70.22842628,52.9571805,127.75,641,6,300
20.9,65,12.31965944,20.03490497,0.460604678,40.38971066,15.95873944,126.75,642,7,268
21.7,70,13.75449561,22.62774123,0.55933,65.01744639,30.68489279,130.375,643,1,275
20.7,60,15.39342005,23.30688528,0.638344466,62.80970156,37.21247255,127.8888889,644,2,294
20.5,56,14.50508603,34.23748837,0.541493676,52.52930105,30.22148596,131.125,645,3,267
20.1,67,13.24662118,38.61536712,0.650989211,44.91122807,23.66371345,115.6666667,646,4,317
21,64,13.6037037,38.20952381,0.619757143,44.51658755,25.1697619,127.4444444,647,5,321
21.7,75,13.61471861,31.04088504,0.640690909,55.40271702,31.21558442,140.8888889,648,6,300
21.9,81,13.1969697,23.89160513,0.60133961,57.80616162,34.72207792,97.22222222,649,7,306
21.6,71,11.59199657,16.66719603,0.587793281,68.9172125,29.78104649,123.1111111,650,1,298
18.5,57,17.74697392,24.68085027,0.60635584,85.45727652,28.60532581,87.55555556,651,2,273
16.5,48,32.94094304,53.04184952,0.804230147,90.94823529,43.69332665,108.8888889,652,3,267
15.8,55,44.32718489,91.29063913,1.105540711,140.2843083,96.46294466,148.2222222,653,4,290
18.1,64,30.87124756,94.51534392,1.10817,147.1360489,105.3069048,143,654,5,305
20.2,60,13.68908382,44.80896686,0.57467193,54.65791194,22.0994496,135.3178752,655,6,309
20.5,63,9.564090177,35.75832758,0.555627743,39.89039808,16.94539337,126.5170272,656,7,306
22.4,70,11.38544974,28.7526455,0.503728095,48.01469925,22.6752381,118.5,657,1,275
24.6,63,15.66084559,52.78571429,0.693990972,91.59104938,55.39801198,169.375,658,2,328
21.9,77,20.19255583,52.11657514,0.852005217,117.3118477,66.66079451,75.33333333,659,3,335
18.8,72,14.51515152,33.89811155,0.650853162,74.06336579,47.57964427,111.8888889,660,4,281
17.9,72,12.06126427,55.09356725,0.595547368,69.64468254,41.99097744,114.8888889,661,5,271
20.1,63,12.33306752,47.60219846,0.468574545,57.39475735,31.04237867,127.5555556,662,6,254
20.8,67,12.28333333,43.37676768,0.470165909,52.86017772,32.11698565,132.1111111,663,7,260
21.3,74,17.12626263,55.05791559,0.604146998,81.73478558,55.27494071,141.2222222,664,1,324
18,73,13.10205314,36.13700181,0.540505,81.1311339,44.74323452,97.22222222,665,2,265
18.1,65,11.24750133,35.69123566,0.464267464,58.16948052,18.79052176,102.8888889,666,3,288
19.2,76,9.962587023,57.47535505,0.631671667,55.26441103,24.43984962,61.33333333,667,4,243
20.2,90,12.79339199,60.3181606,0.765186905,65.44226718,46.19438406,46.22222222,668,5,270
19.6,93,14.09140787,75.028928,1.148726087,81.94231602,58.41151139,33.88888889,669,6,224
18.4,85,18.45310245,53.42929293,1.089995455,90.44968615,69.25454545,19.77777778,670,7,292
17,61,20.11111111,40.90338164,0.784952174,85.99483358,56.04347826,85.22222222,671,1,278
13.4,48,23.13504611,49.03751066,0.666286957,67.0486166,35.21304348,92.22222222,672,2,256
13.7,66,18.6969697,71.53030303,0.76315,70.49545455,41.76363636,109.3333333,673,3,283
16.2,68,14.56467684,55.68918129,0.624813636,58.65221349,35.94715311,113.8888889,674,4,314
17.4,70,26.87373737,65.91414141,0.967140909,157.3722783,130.7863636,140.375,675,5,268
16.1,63,15.34387352,33.77294686,0.59593913,52.08624003,46.64782609,95.66666667,676,6,287
14.3,75,13.41081871,34.93976608,0.562,38.80851713,24.78105263,60.33333333,677,7,291
15.5,66,18.27106227,34.36568987,0.707085714,64.18382784,43.1,98.44444444,678,1,281
15.3,66,21.34027778,39.74537037,0.823816667,78.46038521,65.29583333,102.4444444,679,2,296
15.1,61,23.53537968,68.19897631,0.71845,85.13499169,55.78506258,95,680,3,296
14.2,65,36.68752745,65.9576429,1.049840711,165.5909574,133.1919805,72.77777778,681,4,287
12.2,44,22.33756039,50.90740741,0.53875,73.48315217,30.56666667,72.22222222,682,5,275
10.4,66,25.59722222,80.85185185,0.747570833,86.90452899,47.87083333,90.44444444,683,6,319
13.1,64,15.94883041,60.81783626,0.64233,70.18105263,41.61578947,69.6535135,684,7,309
13.8,84,14.9400527,54.62121212,0.775886957,85.97414718,65.75889328,49,685,1,307
12.4,63,30.2465781,50.94444444,0.9717375,141.3574104,122.1916667,96.77777778,686,2,306
11.9,60,24.61666667,54.07883598,0.792895238,76.8118539,61.62285714,97,687,3,296
13.1,64,15.20945166,59.51414141,0.60735,49.91107538,36.66681818,87.55555556,688,4,317
14.4,70,13.90656566,57.06691919,0.542025,51.95108696,33.30833333,89.11111111,689,5,322
16.8,77,13.27009223,57.4778217,0.604891304,58.97298795,39.29743083,87,690,6,300
16.5,91,15.9130375,72.60376677,0.812975,93.7816317,73.40933437,80.4646916,691,7,326
18.9,86,10.81516291,44.08480925,0.482852381,48.36747882,36.81814536,69.44444444,692,1,302
17.3,88,12.15680616,38.44107744,0.570322727,43.40323063,27.83549784,33,693,2,317
13.4,74,12.36825397,34.12857143,0.535528571,49.31100251,27.61809524,39.77876227,694,3,321
13.2,66,18.42050439,57.86772661,0.613207368,71.80441845,42.20419103,71.18969642,695,4,290
14.8,78,13.46813241,54.22153209,0.528495652,46.74352218,22.15700483,83.125,696,5,305
14.5,78,15.71195652,49.2826087,0.943256522,69.80425998,57.33816425,36.75,697,6,299
15.1,85,13.7637987,49.23863636,0.776409091,47.65879861,45.33838384,52,698,7,304
14.8,89,14.24405468,38.83275692,0.7888,41.97348013,38.44811207,30.14285714,699,1,266
7.3,51,24,35.4379085,0.569477778,131.1301368,45.69526144,60.71428571,700,2,337
3.5,49,30.07792208,46.46493506,0.589754545,79.15909091,28.06818182,40.48814899,701,3,283
5,68,28.375,74.15,0.87485,84.86666667,61.11975309,24,702,4,311
3.7,60,51.46944444,67.98703704,1.102108333,122.9958333,82.05061594,41.44444444,703,5,334
3.4,46,50.82735543,66.02917479,0.99331,120.488019,79.38965643,45.27409954,704,6,357
3.7,63,53.54589372,87.07729469,1.149,125.1400966,87.57487923,46,705,7,353
7.5,66,33.71779388,92.52274557,1.0378,115.2524155,79.30797101,38.22222222,706,1,355
7.3,62,37.15253623,60.66811594,1.050704348,126.7419864,98.09166667,68.2,707,2,356
9.4,64,18.18526021,52.2030303,0.613091667,48.04131141,35.12662338,59.55555556,708,3,339
9.8,77,25.19464573,76.16807568,0.906391667,80.4468599,55.82206119,13.66666667,709,4,357
6.4,68,23.9791502,44.78532609,0.948173913,122.6342391,78.475,48.2,710,5,354
4.6,52,42.51992754,63.11123188,1.0865125,142.1067029,72.30996377,38.3,711,6,367
4,43,50.89130435,74.45416667,1.2829,132.0890152,70.3625,42.1,712,7,358
3.7,63,40.46818182,86.06363636,1.479840909,132.2590909,87.69090909,48.1,713,1,364
6.8,72,39.19134199,86.02272727,1.309259091,124.4181818,82.28311688,12,714,2,361
3.9,38,44.81293706,58.79125874,1.129627273,170.8167832,87.76293706,-1.4341821,715,3,360
2.3,38,37.32674572,58.61111111,0.925826087,107.3056653,43.62604304,-5.071367136,716,4,363
2.9,64,25.4537037,64.92592593,0.774541667,89.52777778,47.30555556,-0.122868604,717,5,364
7.9,76,33.50808583,91.04596273,1.088295652,117.9881988,75.12526821,12.2,718,6,398
5.7,61,31.66465378,55.59474638,0.847458333,91.62246377,57.82373188,57.8,719,7,397
3.4,45,43.14945652,56.51666667,0.9010875,101.8166667,64.02916667,33.7,720,1,333
1.9,54,48.69117086,73.37397025,1.0605875,120.2316743,77.75298436,38.9,721,2,348
6.5,58,28.94971454,73.2020202,0.893108696,101.1583224,62.52459376,57.55555556,722,3,388
8.2,54,56.57905797,97.95507246,1.359182609,174.0527536,129.5541304,44.77777778,723,4,395
6.1,65,17.70841097,39.79388999,0.725075,53.00898268,46.10652174,66.1,724,5,401
6.5,65,17.92028986,47.15416667,0.609633333,40.27336957,24.70833333,60,725,6,420
7.3,64,20.00652174,50.51304348,0.591426087,40.01363636,24.54782609,59.1,726,7,369
5.6,75,30.56666667,79.7625,1.026120833,101.6819664,70.87916667,47,727,1,380
7.3,64,51.97355072,99.77355072,1.654079167,197.5242754,143.470471,57.7,728,2,397
7.1,72,49.50113636,110.6895202,1.449558333,175.7661067,131.8487374,51.5,729,3,383
6.8,57,54.15421245,89.67142857,1.38535,202.5615385,143.3928571,46.59893055,730,4,333
1.8,35,52.17993301,82.84213098,1.321250632,155.878167,109.7737674,42.43263743,731,5,423
2,47,48.2173913,78.29565217,1.257178261,113.8869565,78.38695652,39.6,732,6,364
5.7,55,40.6625,80.36666667,1.246041667,134.191413,100.3791667,52.1,733,7,400
7.9,63,60.72727273,142.9174242,1.552015,175.3156566,146.1833333,48.17513104,734,1,430
13.9,67,28.39199134,81.50863636,0.998386364,154.7156983,83.27727273,44.8,735,2,402
6.9,71,25.17462662,42.925,1.151899833,134.7986423,99.99378788,56.33333333,736,3,465
4.4,60,21.62777778,39.52916667,0.634041667,62.75416667,34.80189394,56.3,737,4,368
3.9,55,41.47428571,66.77619048,1.059061905,92.36716792,69.61904762,49.67057692,738,5,401
3.9,64,56.3013834,122.5975155,1.936926087,200.4639752,145.6217391,44.9,739,6,393
5.4,66,66.1125,138.5166667,2.205483333,247.8994565,189.5541667,57.1,740,7,428
6.4,70,74.88644833,108.3202899,1.939158385,252.7780487,206.052381,77.8,741,1,424
6.2,68,14.43973684,31.91473684,0.629715789,33.25837743,24.80026316,63.6,742,2,429
7.3,77,13.92336957,47.99901656,0.591678778,30.88035316,18.26666667,43.1,743,3,403
8,92,10.29426877,41.32687747,0.676550791,32.13873557,22.43162055,30.8,744,4,421
7.1,81,18.32114625,54.4541502,1.025369565,91.62955843,72.77391304,21.2,745,5,413
6,76,26.32272727,63.43181818,1.238218182,136.2328377,109.0727273,26.6,746,6,431
4,65,21.09927536,37.7625,0.93795,102.6966588,83.09583333,62,747,7,396
4.8,71,27.94,73.18,1.06419,123.0677778,90.96,62.9,748,1,432
6.2,57,37.97213439,72.70289855,1.247386377,162.0342556,89.59478261,58.3,749,2,420
8.1,66,16.2826087,50.68301282,0.659804167,73.87083333,32.98333333,74.1,750,3,429
10.3,66,31.82332016,69.8,1.088056522,148.858604,101.5974308,53.7,751,4,459
5,71,33.69583333,58.075,1.454904167,138.469724,124.6708333,27.6,752,5,400
5.3,73,24.1,64.87,1.133495,121.2950516,107.4934211,75.7,753,6,411
9.1,80,22.33913043,75.68695652,1.19273913,132.1001253,111.1521739,76.9,754,7,450
11.4,84,24.31576087,70.02083333,1.455804167,159.8665584,123.2541667,15.6,755,1,429
7.9,85,20.02727273,50.15187166,1.207218182,127.3175758,105.2753247,30.8,756,2,438
4.9,79,15.1423913,27.7375,0.840708333,59.3058415,50.80108696,53.2,757,3,381
3.6,71,14.46086957,28.15652174,0.563630435,33.37613401,17.01956522,46.8,758,4,406
3.6,90,11.42614719,39.77818182,0.580528636,18.55325674,13.13866029,41.4,759,5,420
3.3,72,22.3215103,40.6604119,0.875582838,93.79831667,69.9173913,55,760,6,417
3.2,62,19.07934783,32.00833333,0.706775,44.53843638,34.96648551,69.4,761,7,371
4.1,68,18.2875,37.14583333,0.559041667,34.59275362,19.24583333,44.5,762,1,487
5.3,77,16.68804348,50.29583333,0.634079167,38.75282837,27.60416667,42.7,763,2,431
5.8,77,21.59249012,64.78814229,0.696663636,50.82026278,36.97588933,35.7,764,3,442
5.6,65,57.56956522,76.74782609,1.478273913,203.0473555,172.726087,75,765,4,443
3.7,52,36.30869565,60.49565217,1.139904348,92.53730785,102.573913,75.1,766,5,401
2.5,69,33.24944872,85.05423341,1.16721167,90.83705174,72.53977533,60.3,767,6,417
3.9,64,33.86521739,96.33913043,1.356117391,125.5864469,109.3028986,73.7,768,7,434
3.3,57,22.22355072,35.32,0.865954167,73.45576508,59.375,77.11111111,769,1,432
1.2,57,17.37840909,40.26704545,0.710251894,38.25344595,27.29962121,69.8,770,2,407
3.2,59,20.93550725,68.0125,0.853494384,67.41354785,58.0798913,80.1,771,3,415
8,57,26.00434783,77.16521739,1.075917391,99.04004056,76.52608696,95.3,772,4,439
7.8,61,51.87880435,72.68297101,1.591869384,236.7443268,165.5005435,78.8,773,5,414
7.9,66,20.48695652,48.91304348,0.762686957,68.10710397,47.55177866,114.4,774,6,423
12.2,71,17.70416667,37.74583333,0.811116667,86.27256917,56.85833333,132.8,775,7,412
15,84,14.06666667,50.90833333,0.9579625,76.08645791,56.46666667,65.6,776,1,413
12.5,80,16.96231884,43.375,1.464104167,127.7528571,110.8030303,64.4,777,2,411
8.4,66,18.875,43.05833333,1.402608333,172.2268822,120.8478261,104.8,778,3,370
6,65,19.56811594,40.94583333,1.0436875,115.2186594,70.70606061,99.5,779,4,375
6,61,14.32083333,17.64583333,0.5273,33.92417655,21.28541667,91.4,780,5,359
9.4,77,10.80398551,14.025,0.571045833,25.76622294,15.88333333,84.6,781,6,411
10.2,86,11.19565217,27.2173913,1.026652174,52.88684211,57.33913043,29.1,782,7,380
7.5,79,14.6027668,29.32173913,1.244482609,150.356808,114.7086957,53.4,783,1,332
6.5,72,16.46818182,24.32683983,0.808847619,134.9238095,53.1952381,73.6963233,784,2,372
7.9,77,12.43831169,25.11969697,0.849472727,111.2272727,44.99242424,90.22222222,785,3,395
8.5,91,9.448089592,43.78785683,0.821022815,38.74666196,24.09841897,58.8,786,4,400
8.3,83,10.64474638,29.2375,0.8736,82.22056692,51.25833333,77.1,787,5,362
5.6,75,10.6125,28.36702899,0.592408333,35.03537029,20.24734848,67.6,788,6,387
4.7,88,8.909469697,31.31594203,0.576601087,20.13030315,15.32173913,55.3,789,7,363
5.6,73,20.70416667,37.24583333,0.941175,92.17365164,77.15416667,83.8,790,1,408
7.4,71,21.71857708,51.42173913,1.05373913,112.9343852,109.9,122.5,791,2,392
9.1,75,17.13518116,40.13344203,0.94158779,93.20003608,82.4717029,74,792,3,360
4.9,52,13.31774892,23.87878788,0.657313636,50.05767566,19.85454545,79.9,793,4,338
4.3,67,10.80833333,27.19583333,0.5631875,35.15551713,15.07065217,69.1,794,5,348
5.9,70,13.05688406,35.375,0.6789125,36.89242424,25.2,72.8,795,6,399
7.4,63,14.66086957,40.79565217,0.67,38.03161601,30.93478261,61.8504412,796,7,365
8.8,89,11.44064559,48.07608696,0.739220652,30.22667489,25.00471014,52.88888889,797,1,389
8.3,78,11.67916667,31.39791667,0.790202083,56.23494966,41.1110119,81.6,798,2,366
3.7,53,12.36245059,24.88102767,0.695064229,44.94701477,20.37588933,86,799,3,340
5.7,57,19.45909091,60.08636364,0.789645455,60.55792208,42.99545455,86,800,4,341
8.9,60,30.19285714,55.72857143,0.918035714,108.7472527,85.75714286,139.6,801,5,341
13.6,57,26.3875,89.01666667,1.186129167,126.0256211,96.02083333,103.7,802,6,363
9.7,87,18.00887681,71.48333333,1.3113,144.4506677,108.1708333,102.6,803,7,386
10.8,88,11.53043478,36.32608696,0.845408696,60.09433741,54.78695652,99.8,804,1,374
12.1,93,9.730039526,40.93478261,0.803347826,38.18353175,32.10869565,67.1,805,2,341
15.3,89,10.7483645,44.39237737,0.911117628,51.00970711,36.32371795,85.88888889,806,3,386
13.5,93,15.30776832,59.25454545,1.195556917,75.55521886,59.62786561,45.5,807,4,386
12.4,79,21.48280632,55.49130435,1.09513913,98.25232509,80.64347826,79.9,808,5,275
11.1,83,12.48423913,60.475,0.800758333,77.89782475,67.16666667,67,809,6,297
13.8,77,25.2125,85.91666667,1.309120833,123.8494624,103.1188596,96.9,810,7,311
14,53,22.94003623,70.4625,1.045866667,132.3445398,80.8125,111.1,811,1,358
10.4,70,13.27916667,43.9375,0.588241667,79.60413373,24.22898551,80.3,812,2,310
10.2,57,12.13774704,37.92905138,0.508556719,42.29229249,15.20770751,100.1,813,3,317
10.7,58,11.8,35.28333333,0.5398875,41.06847826,19.64166667,108.2,814,4,323
11.9,70,10.73583333,31.29345238,0.551011905,43.66343309,23.61090909,121.3,815,5,373
11.4,87,9.873913043,41.46640316,0.599913043,39.32176587,26.66334512,87.4,816,6,361
13.7,78,14.84642857,72.62857143,0.939038095,93.36014577,80.07619048,140.5,817,7,324
16.6,72,19.58695652,64.30869565,1.010552174,103.4198664,90.70869565,163.4,818,1,348
15.9,79,11.82572464,36.88858696,0.683282143,50.37245989,40.03423913,86.7,819,2,342
20.9,77,15.94583333,55.6,0.974028526,93.10759273,68.3375,146.4,820,3,290
19.2,82,16.92173913,69.34347826,0.927678261,84.54800568,61.46521739,75.3,821,4,412
22.6,76,13.65416667,43.925,0.670345833,98.9102381,42.42083333,115.4,822,5,381
13,83,14.32880435,44.32898551,1.232048732,66.63383838,69.62952899,66.2,823,6,312
14.4,87,13.78333333,50.1625,1.225479167,84.36632342,63.875,65.9,824,7,271
12.4,93,12.425,44.2048913,0.9491875,88.91199495,54.48333333,70.1,825,1,272
10.9,91,8.616666667,26.5,0.606975,37.24240968,19.99275362,83.6,826,2,277
7.4,78,9.783333333,27.95833333,0.452016667,39.7291996,20.7547619,84.3,827,3,279
8.7,61,12.67727273,35.1,0.438509091,41.74301757,27.96320346,105,828,4,281
10.1,68,12.12173913,46.81798419,0.453617391,46.75531621,27.72543478,114.3,829,5,323
12.5,68,14.11428571,52.71904762,0.562242857,57.03603175,42.81071429,120.4,830,6,289
13.1,67,13.60909091,48.38181818,0.520290909,64.60073296,42.82272727,132.1,831,7,294
15,68,13.70454545,43.70454545,0.552454545,74.23331116,51.74090909,148.6,832,1,326
11.5,62,15.43559524,34.88404762,0.649010595,87.07785739,46.61815476,98.55555556,833,2,292
11,69,15.76315789,47.51052632,0.795663158,87.00937778,66.49473684,105.2,834,3,296
16.3,52,26.85666667,91.6125,0.847246667,113.5986942,80.37333333,136.2222222,835,4,348
18.4,54,27.81130435,76.53434783,0.941429565,133.9539356,73.01229249,103.7,836,5,314
15.7,60,11.08023715,36.88241107,0.564353162,134.9209486,32.09466403,110.9,837,6,327
21.4,72,16.99,47.16833333,0.793045,102.3052822,60.89558824,94.1,838,7,321
19.2,83,19.88461538,69.53247863,1.223623077,200.1539683,126.7923077,71.8,839,1,321
13.3,71,12.23181818,35.77613636,0.758490909,85.45761391,42.49090909,89.12036592,840,2,271
14.8,47,16.04264069,57.85606061,0.746721558,86.02990317,41.86406926,134.2222222,841,3,282
16.7,56,22.8952381,82.45586081,0.927230952,120.8893766,86.07142857,193.2222222,842,4,291
19,44,21.47222222,69.72827635,0.803203704,97.84336808,68.44907407,169.2222222,843,5,289
18.4,44,22.27513228,89.69470899,0.82286455,103.4406686,62.66031746,166.1317234,844,6,315
19.9,51,22.28409091,92.49431818,1.068363636,123.4566184,83.24431818,162.625,845,7,300
21.3,43,18.55113636,49.26136364,0.664409091,82.30720694,52.74850478,153.1194718,846,1,310
21.7,54,16.28739316,29.78454416,0.709925214,74.25366964,44.55451955,142.3333333,847,2,327
22.9,66,19.17669468,40.67233894,0.934566141,107.9486055,72.47616247,170.3,848,3,335
17.6,84,13.29152882,39.67865915,0.813245409,56.31145022,46.85238095,66,849,4,309
19.3,73,22.48961039,50.28820346,0.875374694,99.90694264,72.97099567,139.3,850,5,279
18.1,81,9.044466403,21.05092885,0.605207826,58.67282051,43.6916996,145.5,851,6,312
20.2,88,9.885024155,27.76980676,0.719101449,63.63769841,50.69367589,87.77777778,852,7,279
18.3,78,13.0952381,29.51309524,0.899054762,80.70894716,57.69047619,131,853,1,294
18.4,64,17.49042208,51.46731602,1.082764827,110.7286986,77.88312629,145.1,854,2,277
18.1,45,11.08911161,41.30739695,0.562221066,69.33670129,20.66432314,128.3333333,855,3,268
19.3,62,15.15652174,39.24021739,0.67148587,78.60892622,37.64384058,140.3,856,4,299
19.7,71,12.29444444,34.52222222,0.673622222,69.32396825,51.19444444,152.9,857,5,309
19.9,65,10.09230769,35.81538462,0.6485,56.00725247,27.58461538,126.4,858,6,285
17.9,83,8.922727273,25.50909091,0.592395455,30.52722082,20.18593074,106.3,859,7,252
19,70,11.78695652,26.16956522,0.575234783,52.05680074,34.82173913,146.6,860,1,251
18.9,85,9.192573331,30.48258789,0.743523549,40.44651674,28.5351321,50.8,861,2,263
19.5,53,16.47543478,45.97586957,0.699825,93.94226872,41.12128146,128.2567835,862,3,294
23.3,48,25.12765753,59.15252525,0.708696561,96.94425204,47.18205868,185.4444444,863,4,259
25.2,65,18.33174603,55.81137566,0.792221164,82.0872134,53.2010582,114.3333333,864,5,324
22.2,87,15.86363636,61.08080808,0.962358586,68.8832988,46.24242424,22.44444444,865,6,317
18.9,60,10.76262626,32.41414141,0.581419192,61.28781001,37.78787879,129.4444444,866,7,281
19.7,56,12.13941799,43.5026455,0.520242063,53.93647081,34.19550265,130.1111111,867,1,292
20.6,88,13.12626263,64.28787879,1.054585859,68.25956135,53.73737374,28.88888889,868,2,284
22.1,85,10.132547,53.97314763,1.021105475,80.70590829,79.82454985,153.3333333,869,3,302
21.2,62,10.24747475,33.23232323,0.638631313,61.89935466,46.39153439,152.8888889,870,4,267
19.5,50,10.24537037,33.54166667,0.488203704,43.28072391,19.75202334,129.5555556,871,5,251
20.1,67,8.896464646,24.90536948,0.526760101,44.1656988,27.84074074,146.2222222,872,6,290
20.6,83,9.463768116,34.50724638,0.642318841,47.60524325,34.20289855,80.44444444,873,7,287
21.5,78,11.6321256,30.06328502,0.598974726,47.63268965,38.8004701,105.2222222,874,1,297
22,68,9.772288098,26.81027668,0.546511419,48.11954689,34.14258527,123.5555556,875,2,246
21.9,48,10.02454611,32.99262221,0.530400145,48.11466957,27.18945744,113.3995216,876,3,268
21.2,78,9.938888889,24.98888889,0.579938889,52.63546457,39.18888889,97.66666667,877,4,262
21.1,88,9.005291005,29.26455026,0.612402116,44.71798393,34.78835979,97.77777778,878,5,259
21.7,88,7.469059121,25.94064872,0.561293536,42.47575209,29.61536692,87.44444444,879,6,248
21.9,85,11.82828283,37.75757576,0.688363636,51.66051676,43.3989899,77.55555556,880,7,284
22.1,79,10.73015873,33.13756614,0.623804233,58.89936456,49.42328042,123.2222222,881,1,234
23.3,79,10.55925926,22.80185185,0.557970106,67.69234623,56.03835979,155.2222222,882,2,326
23.5,93,8.199074074,42.88888889,0.748541667,48.51396104,43.47685185,22.22222222,883,3,286
22.5,69,8.977777778,26.4410628,0.496295652,34.29321235,18.72103645,95.875,884,4,263
21.7,55,13.35892857,46.35833333,0.524947619,53.1629386,26.90535714,118.625,885,5,258
22.7,61,16.01313131,41.55454545,0.708036364,92.57008842,69.22424242,247.3333333,886,6,246
25.2,59,12.98888889,29.23333333,0.627055556,85.88255495,72.56111111,218.3333333,887,7,288
22.9,81,7.917874396,21.38164251,0.523227053,39.30472958,27.60386473,108.3333333,888,1,266
22.1,90,8.457142857,43.48783069,0.720685714,32.77306767,22.7047619,69.88888889,889,2,275
22.7,82,14.39912281,51.3005848,0.808953509,64.20474155,55.95,127.5555556,890,3,271
23.6,85,7.994708995,32.73544974,0.627571429,53.31181549,34.56613757,83.77777778,891,4,261
26.7,69,19.13043478,49.96684234,0.944933904,141.530929,60.86517347,145.3333333,892,5,274
28.7,54,20.33333333,53.36714976,0.882724638,145.4589372,69.04758454,209.1111111,893,6,287
28.3,62,21.81818182,45.26262626,0.821429293,114.8258993,66.09090909,169.8888889,894,7,275
27.6,67,20.43478261,43.89371981,0.71447343,80.47706429,46.77294686,137,895,1,296
23.9,87,12.47716293,46.68599034,0.849584321,99.26417286,62.63658322,64.66666667,896,2,286
21.1,94,7.116666667,28.48888889,0.714833333,33.95833333,33.56111111,126.7777778,897,3,280
22.8,93,7.196969697,30.48484848,0.696464646,37.90415973,23.40185185,80.77777778,898,4,242
21.9,86,8.688434048,28.75406108,0.583084146,33.28397267,19.44476933,102.8888889,899,5,262
23.2,78,9.515873016,33.91269841,0.705087302,58.20636462,53.24603175,112.2248089,900,6,257
24.5,76,8.715277778,22.69444444,0.596284722,49.00414863,41.27083333,117.8859565,901,7,273
24.4,79,8.74537037,20.14351852,0.596990741,58.71626984,49.21296296,116.2222222,902,1,275
22.1,92,6.623188406,22.53140097,0.605077295,35.53444824,26.14492754,89.77777778,903,2,295
24.6,89,10.90614478,40.63594276,0.802474327,67.74858621,55.0462963,95.33333333,904,3,314
25.6,90,10.04166667,35.5365942,0.676458333,93.50434294,62.32083333,146.9,905,4,270
30.4,72,13.04347826,38.87299901,0.696915114,69.70572844,57.85652174,145.1,906,5,278
24.5,91,11.99583333,49.29345238,0.964383333,48.76083028,37.04166667,41.2,907,6,274
21.8,93,8.179166667,27.0375,0.646491667,16.50580542,14.91459157,88.6,908,7,239
21.7,94,7.075,24.54583333,0.623904167,16.57125325,11.69532496,99.8,909,1,257
23.9,92,7.966666667,35.15833333,0.723820833,53.77514493,37.15,61.6,910,2,252
26.9,86,12.49649123,39.4924812,0.886821053,100.9306182,65.5047619,124.3,911,3,263
23,81,10.33636364,40.29545455,0.823427273,53.71944715,35.6508658,119.9,912,4,288
24.7,75,11.88611111,42.40333333,0.891694444,76.7195265,57.88580495,162.6,913,5,279
24.7,75,11.73478261,29.23478261,0.807056522,90.87006033,78.20020704,157.7,914,6,274
22.6,75,10.75319264,32.1112782,0.720600094,54.6401581,58.92678571,90.8,915,7,251
21.4,81,10.22083333,27.80416667,0.554716667,32.21008976,24.33560606,120,916,1,290
19.3,85,9.407789855,29.4557971,0.555606884,23.4313485,16.68218954,97.4,917,2,283
20.8,88,9.89065735,23.08928571,0.58805,24.77809011,16.97101449,108.8,918,3,268
22.8,85,9.762055336,25.97391304,0.630491304,33.57955524,24.23043478,96.5,919,4,281
23.9,92,9.183333333,25.14583333,0.546425,37.54375339,25.275,38.2,920,5,285
25.4,85,9.292572464,12.99166667,0.444988949,33.42743168,18.876861,63.5,921,6,280
23.9,93,7.633333333,5.1875,0.413891667,9.807276888,6.523511748,54.11111111,922,7,330
25.5,83,9.282407407,21.90277778,0.560796296,36.37947919,19.31190162,83.44444444,923,1,277
29,72,16.75224359,41.84070513,0.818951603,109.8658717,79.65288462,223.7,924,2,276
28.6,72,12.8875,45.94583333,0.810183333,117.5844557,79.36322464,207.7,925,3,289
26.6,76,9.239090909,26.32772727,0.478839091,41.97206905,31.23701299,123.0148368,926,4,286
26.4,78,8.630833872,18.66073045,0.413862411,36.85099753,25.01985123,66.6,927,5,290
25.5,80,7.977380952,18.56190476,0.511500595,47.06539855,29.75892857,79.8,928,6,300
25.9,82,8.19047619,16.34761905,0.483833333,42.76796476,24.89047619,87.1,929,7,294
26.2,84,7.717391304,17.88695652,0.489930435,34.41338613,20.52173913,77.9,930,1,302
27.1,82,8.330434783,21.29130435,0.494104348,35.44289322,24.87391304,83.5,931,2,258
27,83,11.91025641,37.72102564,0.621241026,63.5763986,41.59,80,932,3,302
27.4,87,10.26174242,40.26060606,0.682643561,59.52030513,38.83906926,96.11111111,933,4,297
26.9,91,9.859072087,42.80536577,0.804841589,56.15186701,36.82619184,86.25,934,5,300
29.6,77,12.11704545,34.55340909,0.745414015,58.27674211,40.25416667,147.2,935,6,283
29.1,83,13.91666667,42.3125,0.858029167,81.48885202,55.35416667,194.8,936,7,317
30.3,79,12.7375,50.74583333,1.018944048,109.5039641,85.60803689,192.2,937,1,331
32.4,68,16.04158446,38.93456462,0.795215476,89.49956473,54.55315657,183.4444444,938,2,328
33.4,61,18.1625,35.30833333,0.743575,85.73047275,51.97310606,212,939,3,348
33.1,58,20.0125,37.45597826,0.757886051,93.29671675,52.67554348,230.5,940,4,333
31.8,54,16.89583333,33.24166667,0.631154167,65.67066154,34.9,209.2,941,5,281
33,54,19.05833333,33.22916667,0.675170833,74.90443495,42.80833333,196.9,942,6,320
30.8,72,17.67678571,30.1752193,0.71397,93.22135148,54.81458333,189.3,943,7,370
33.1,60,16.5875,25.6125,0.681195833,75.84623684,49.41666667,219.5,944,1,345
33.2,60,15.7975,26.90166667,0.713755833,73.42316991,42.94416667,227.4,945,2,336
33.1,56,16.27083333,28.76666667,0.6968125,74.90706059,42.82083333,237.1,946,3,327
31.7,62,14.86666667,25.7,0.6489125,62.95601277,36.10416667,219.9,947,4,358
30.6,64,9.816666667,13.69545455,0.535823864,45.62485076,22.17992424,78.3,948,5,349
29.3,81,8.654166667,12.65,0.522070833,33.54397516,15.82097635,37.2,949,6,304
28.8,82,7.979166667,9.645833333,0.501808333,32.13293808,11.09365942,40.1,950,7,328
28.4,81,7.891666667,9.3625,0.510191667,28.11166667,9.9375,39.2,951,1,313
27.9,84,7.370833333,13.34583333,0.572533333,30.70727613,15.25507246,55.1,952,2,325
26.6,78,9.433333333,19.80416667,0.610441667,32.17246176,18.80833333,99.4,953,3,290
26.7,75,14.59052904,26.39036181,0.765127075,49.93073798,28.12408027,107.7777778,954,4,285
27,73,13.41591897,33.68105402,0.764646189,70.58907416,50.45026021,164.1,955,5,286
27.8,63,11.30297619,28.61666667,0.658145833,55.86337567,39.35416667,143.4,956,6,327
27.5,75,10.50590062,19.91304348,0.620665217,41.35871328,27.14347826,111.3,957,7,308
26.9,80,10.75833333,24.57083333,0.711929167,48.30744152,34.75833333,87.6,958,1,311
27,76,10.7125,21.80416667,0.760483333,61.38252022,43.175,144.1,959,2,330
27.1,75,10.14583333,23.10833333,0.745204167,60.80799226,47.93949275,135.1,960,3,320
28.2,69,10.86123188,25.64365942,0.640531522,41.18752231,27.6865942,130.5,961,4,294
28,79,12.03086957,31.98873518,0.822945514,60.28271234,40.46934679,133.1,962,5,298
26.5,82,11.28240741,37.9537037,0.745421296,32.5848057,21.88425926,70.44444444,963,6,285
24.4,89,8.898550725,31.24154589,0.6837343,23.09023754,15.68599034,90.88888889,964,7,302
24.4,92,8.490740741,19.93055556,0.664990741,20.58564182,12.50999732,90.88888889,965,1,303
24,90,8.764855072,20.64039855,0.686239312,33.68343977,26.55347826,104.5555556,966,2,271
25.4,78,14.31103896,31.28722944,0.877063853,62.29076289,40.43301435,140.4929507,967,3,270
26.1,76,17.94761905,52.38571429,1.015307143,97.86604114,65.56984127,179.5,968,4,295
26.8,71,19.77142857,56.98571429,1.134209524,147.1796303,119.2047619,207.9,969,5,276
26.3,76,19.04090909,54.48181818,1.149354545,117.5680021,102.6045455,195.8,970,6,304
26.6,78,13.9125,31.35,0.860954167,88.41318543,82.75166667,172.7,971,7,314
25.9,78,13.64782609,29.57391304,0.788452174,80.27225524,65.93695652,157.3,972,1,259
26,76,11.7486166,32.49901186,0.739833399,62.54202978,50.46521739,133.6,973,2,259
26.4,76,12.79166667,32.70833333,0.744704167,66.95086292,50.18333333,161.3,974,3,342
27.2,74,18.24810606,45.83598485,1.029460227,102.259215,77.47916667,200.2,975,4,308
27,65,23.32109557,49.4513653,1.216910456,111.7990592,83.59825175,223.2222222,976,5,307
27,69,14.81944444,23.40740741,0.981148148,89.79746791,71.78703704,217.8888889,977,6,299
26.5,83,12.9537037,26.10185185,1.003902778,59.93417058,46.2431562,111,978,7,308
25.3,77,17.625,28.36252013,0.952606079,49.65118448,40.32617845,123.7777778,979,1,282
25.6,70,12.08826087,23.80337596,0.630259565,31.3735159,18.50869565,125.8,980,2,290
25.2,70,11.27349896,22.36459627,0.577008282,27.40630205,16.43620553,130.2,981,3,264
24.4,60,11.42916667,25.72159091,0.474923864,29.42225579,15.63281809,138.4,982,4,275
24.2,62,13.45279503,30.99270512,0.490872671,35.71001993,20.15310559,152.9,983,5,282
24.8,65,13.98181818,38.62337662,0.579231818,46.95496317,27.20909091,121.807531,984,6,265
22.1,74,18.98333333,39.425,0.882933333,64.79494987,48.15833333,88.7,985,7,258
22.4,55,16.48695652,30.97391304,0.69946087,47.20451905,31.83913043,114.4,986,1,271
23.1,67,10.86119048,32.92166667,0.538622143,38.93344612,18.06785714,115.8,987,2,284
20.8,88,9.098353096,44.48868577,0.659149021,40.67754961,24.86325758,70.4,988,3,282
22.5,78,11.76086957,32.40652174,0.612841822,35.19494313,22.34347826,97.8,989,4,272
23,69,14.20289855,40.51363636,0.654529167,49.17912382,30.63695887,135.3,990,5,257
22.8,71,12.63333333,44.10416667,0.661208333,54.76419545,34.82753623,134.5,991,6,291
23.7,69,11.39166667,32.40833333,0.53935,38.07741703,25.98106061,132.7002011,992,7,321
22.8,77,11.525,30.5375,0.6786,67.04821429,45.5125,130.9,993,1,273
23,71,11.28333333,32.58333333,0.633391667,51.10133945,39.01503623,129.9,994,2,306
23.2,84,10.10253623,37.26086957,0.657719928,49.11986443,33.06666667,89.2,995,3,299
23.5,83,11.51666667,38.65416667,0.82425,47.4641163,37.81785714,116.3,996,4,281
24.1,78,13.81666667,31.61050725,0.660370833,36.37292794,25.275,105.4,997,5,295
24,74,12.86400966,29.45772947,0.645327621,47.46886232,32.86711957,121.5633562,998,6,245
24.1,72,11.53333333,22.775,0.655941667,53.93408637,36.22916667,136.1,999,7,277
23.6,68,11.3125,18.80833333,0.6394625,48.88268072,32.37916667,128.6,1000,1,297
23.3,83,10.04583333,19.8375,0.621666667,46.61777997,27.55416667,101.6,1001,2,310
22.6,92,7.779166667,18.59583333,0.549286775,24.52960615,11.33586957,74.3,1002,3,311
26.8,87,8.025757576,19.65909091,0.747367862,33.06493601,19.11268116,62.1,1003,4,258
22.3,76,12.91304348,25.56521739,0.887504348,71.10063851,40.77332016,95.8,1004,5,307
19.5,65,18.98695652,40.40869565,0.864343478,93.03478261,35.04881423,144.4,1005,6,262
21.5,74,13.675,34.07916667,0.7065625,72.27594579,40.72083333,177,1006,7,274
21,76,10.67826087,30.81304348,0.605473913,43.44358679,29.35652174,131.6,1007,1,262
19.2,87,9.55,41.88333333,0.6991375,37.27209382,28.0125,94.5,1008,2,281
22.1,73,11.07832168,35.73671329,0.630321329,35.10461089,21.56398601,124.7777778,1009,3,274
22.4,69,10.33088235,22.78259804,0.584996814,32.77185635,18.70416667,128.3333333,1010,4,283
20,81,9.883188406,31.2573913,0.607705217,34.59753968,17.33393939,92.9,1011,5,240
20.1,73,24.06322464,56.67083333,1.100444384,103.13043,74.90595238,128.4,1012,6,296
19.5,56,27.25833333,61.2,0.966054167,99.010575,66.39583333,129.8,1013,7,282
17.1,50,27.7125,60.48333333,0.968579167,95.78051713,54.4125,125.2,1014,1,281
16.7,57,30.16045549,89.47536232,1.284264803,127.7878882,83.90207039,157,1015,2,289
18.3,59,30.88106061,109.9869048,1.306905303,140.2582886,97.13977273,180.2,1016,3,311
18.7,65,22.94624506,99.97427536,1.182132724,140.3157947,105.0808489,152.8,1017,4,312
21.5,62,12.87083333,51.64583333,0.599045833,49.81761964,33.97916667,136,1018,5,292
19.5,76,14.86666667,51.39583333,0.683429167,58.75746732,43.96666667,142.3,1019,6,284
19.6,71,14.99328063,53.74249012,0.630053557,48.47029006,33.11719368,112.5,1020,7,270
19.8,70,13.1,38.9826087,0.662613043,53.60137823,41.83478261,146.2,1021,1,294
19.5,71,14.40833333,42.31666667,0.66175,55.91329757,42.54619565,139.5,1022,2,289
21,72,13.89130435,43.72173913,0.62883913,53.08198936,39.79275362,124.1,1023,3,313
20.7,76,14.4173913,46.48636364,0.72728419,65.74271786,45.39565217,147.6,1024,4,268
21.4,80,14.85833333,48.45,0.9279875,108.4729892,84.95833333,170.9,1025,5,291
21.2,79,13.34782609,48.9826087,0.733734783,74.29260775,48.46956522,119.5,1026,6,316
21.3,81,14.19583333,40.46666667,0.7178875,63.61813595,47.75833333,111.7,1027,7,281
20.4,75,13.58219697,37.32954545,0.783975906,65.44294749,47.85113636,108.8,1028,1,321
21.7,73,13.34031621,40.86264822,0.789914625,71.83606138,47.12608696,133.5,1029,2,262
16.9,69,20.13333333,50.8375,1.282529167,119.8500137,74.9125,82.5,1030,3,273
16,59,24.92231884,75.44,0.955212662,123.6857971,68.28985507,80.8,1031,4,255
15.5,86,13.31666667,51.50416667,0.752133333,76.15262054,39.63214286,73,1032,5,281
16.6,66,14.45217391,31.0173913,0.653386957,47.42551122,32.96521739,95.7,1033,6,245
15.8,60,13.78333333,27.08333333,0.589375,37.72663725,20.14166667,94.9,1034,7,256
12.9,89,14.35530303,51.21363636,0.83198447,49.54524661,36.44924242,39.9,1035,1,293
12.7,71,36.075,85.38531469,1.448316434,147.8006532,114.8493007,119.4,1036,2,288
14.4,78,21.76956522,85.66086957,1.400782609,114.8924242,96.87549407,111.7,1037,3,291
18,83,13.06956522,57.85652174,0.804826087,53.90566581,37.15424431,52.5,1038,4,340
20.3,88,17.2625,58.275,0.861141667,67.86167558,42.64963768,61.6,1039,5,321
22.5,85,13.32173913,35.92608696,0.620452174,37.73402575,23.07456522,75.1,1040,6,318
20.7,90,15.43496377,39.97753623,1.061123913,51.57608922,45.42971014,38.5,1041,7,295
13.5,91,21.90719697,48.90075758,2.020774242,108.2159823,87.9875,10.9,1042,1,284
12.6,83,18.40382353,51.83972136,1.314798824,99.02315657,82.2375,37.7,1043,2,310
12.9,67,18.99683794,43.48517787,0.915154545,63.97505966,59.77648221,84.8,1044,3,279
15.6,63,13.04130435,42.54644269,0.585883992,54.42608696,33.35652174,90.6,1045,4,300
16.1,87,14.60416667,77.825,0.96275,74.82906725,55.8125,19.7,1046,5,292
15,88,12.77559524,59.4547619,1.036992262,52.80705267,50.7117236,25.3,1047,6,332
14.2,73,22.55416667,61.025,1.378954167,148.5531439,120.15,122.3,1048,7,278
14.8,78,21.5875,70.465,1.515570833,145.9059524,117.4958333,110.6,1049,1,301
17.9,85,16.15119048,55.65714286,1.370864881,99.55529101,78.51369048,32.11111111,1050,2,328
15.7,93,10.47383603,43.23269231,1.059454892,31.249329,33.87738881,45.66666667,1051,3,319
15.5,83,10.30248447,32.7189441,0.828886646,46.9867057,27.49068323,64.3,1052,4,284
14.1,80,12.8125,52.84583333,0.7213625,46.56740228,32.14166667,34.7,1053,5,274
14.7,84,14.30416667,60.5375,0.824645833,54.66508337,45.2375,36.3,1054,6,312
16.2,95,10.375,56.33333333,0.910333333,30.46857143,32.59818841,35.6,1055,7,321
17.7,89,11.55416667,42.34166667,0.9864,44.51311831,30.07192029,67.9,1056,1,300
16.6,90,11.46521739,47.30434783,1.136130435,38.77585925,33.12608696,62.8,1057,2,328
13.2,83,9.290909091,25.73181818,0.758413636,34.81603901,20.46427432,65.8,1058,3,287
7,77,12.10434783,32.2826087,0.703678261,43.80550584,32.95709016,43.5,1059,4,293
2.1,56,24.41818182,32.67727273,0.844754545,67.37327182,51.17341991,60.1,1060,5,296
2.2,54,23.68333333,61.4625,0.9442875,64.63820393,44.425,55.4,1061,6,342
9.4,61,21.61304348,103.0869565,1.089969565,100.1882832,69.82236025,52.4,1062,7,340
10,90,14.62272727,93.37727273,1.428822727,106.1588853,84.23636364,13.7,1063,1,324
10.4,89,30.38636364,102.0909091,1.823995455,154.6698947,132.8318182,69.1,1064,2,324
13.7,81,16.92857143,72.33190476,0.98031,60.94963398,61.96285714,79.9,1065,3,427
12.4,74,22.54347826,61.3,1.072004348,105.5156577,79.86956522,31.7,1066,4,342
8,45,30.22272727,55,0.892795455,143.2954545,54.37727273,60.7,1067,5,340
5.4,49,35.9715415,60.11956522,1.03028083,91.24782609,45.90889328,46.9,1068,6,325
5.1,75,28.22916667,84.0875,1.34545,115.1556866,73.0025,16.6,1069,7,299
5.9,83,30.33913043,75.13043478,1.510765217,146.994685,97.88695652,22.1,1070,1,387
8,78,25.79090909,66.38636364,1.19365,102.9604668,81.23636364,72.7,1071,2,366
9.5,76,15.76261905,61.18880952,0.717404762,50.47102336,32.51630252,73.1,1072,3,380
12,87,15.7702381,81.03595238,0.900025238,60.40121453,40.94229692,20.1,1073,4,380
12.2,95,14.50909091,63.51818182,1.306436364,61.87031136,41.69545455,11.4,1074,5,363
9.6,74,17.07272727,38.64090909,1.023713636,102.2680536,85.38181818,56.9,1075,6,356
8.3,72,21.85909091,60.74090909,0.866477273,66.16504519,46.19090909,55.6,1076,7,312
8.7,83,18.5,63,0.959133333,72.17611111,64.56666667,28.1,1077,1,360
7.9,67,44.75384615,85.58461538,1.594392308,211.0579293,170.5846154,59.3,1078,2,335
7.3,61,66.00474308,87.88083004,2.174333399,257.9071899,217.4612648,42.3,1079,3,357
4.8,42,36.69583333,55.0125,1.006058333,97.24812497,72.33913043,53.8,1080,4,343
2,43,28.25416667,44.3875,0.819333333,61.14384529,37.7067029,50.9,1081,5,357
3.7,58,26.5625,68.85416667,0.9522875,64.91545455,47.92083333,40.5,1082,6,387
7.1,74,17.57083333,65.31666667,0.768529167,47.87281746,37.73666667,64.3,1083,7,381
9.4,93,14.69583333,72.64583333,1.015704167,48.58080808,47.37916667,11.4,1084,1,378
6.9,83,24.14583333,73.44166667,1.451895833,139.9130952,136.7708333,40.5,1085,2,403
11.7,88,20.92083333,85.2125,1.272975,107.4153746,92.59880952,20.9,1086,3,355
9.6,89,29.55340909,76.47992424,2.096416288,207.5847299,193.0791667,21.9,1087,4,373
9.8,86,16.24166667,52.47083333,0.979454167,64.79364899,54.975,49.7,1088,5,389
7.5,79,32.79583333,69.8875,1.636666667,167.9591837,175.5791667,72.9,1089,6,390
6.5,79,30.3875,88.24166667,1.520384259,107.7411255,110.7242754,48.1,1090,7,358
7.3,77,20.95833333,60.5375,1.138166667,87.65509936,70.9875,62.8,1091,1,389
5.1,64,15.74347826,32.02608696,0.676111067,53.54988856,32.49367589,69.5,1092,2,352
5.2,72,20.21666667,64.40289855,0.9011625,80.32421569,56.64166667,69.2,1093,3,390
5.5,81,27.29347826,94.72826087,1.305942885,127.14225,88.20178807,57.1,1094,4,407
6,71,28.49924242,61.80416667,1.382041667,159.3641064,139.5791667,83.5,1095,5,318
